	drug_concept_id	concept_id	concept_name	domain_id	vocabulary_id	concept_class_id	standard_concept	concept_code	valid_start_date	valid_end_date	invalid_reason	_c0	_c1	_c7	_c8	_c9	_c11	_c12	_c13	_c14	_c16	_c17
0	929549	929549	acetic acid	Drug	RxNorm	Ingredient	S	168	1970-01-01	2099-12-31		168	ENG	12250948	12250948	168	RXNORM	IN	168	acetic acid	N	4096.0
1	1154343	1154343	albuterol	Drug	RxNorm	Ingredient	S	435	1970-01-01	2099-12-31		435	ENG	12253235	12253235	435	RXNORM	IN	435	albuterol	N	4096.0
2	985247	985247	aluminum hydroxide	Drug	RxNorm	Ingredient	S	612	1970-01-01	2099-12-31		612	ENG	12250958	12250958	612	RXNORM	IN	612	aluminum hydroxide	N	4096.0
3	1309944	1309944	amiodarone	Drug	RxNorm	Ingredient	S	703	1970-01-01	2099-12-31		703	ENG	12250428	12250428	703	RXNORM	IN	703	amiodarone	N	4096.0
4	712757	712757	amobarbital	Drug	RxNorm	Ingredient	S	719	1970-01-01	2099-12-31		719	ENG	12252676	12252676	719	RXNORM	IN	719	amobarbital	N	4096.0
5	952538	952538	anthralin	Drug	RxNorm	Ingredient	S	873	1970-01-01	2099-12-31		873	ENG	12252060	12252060	873	RXNORM	IN	873	anthralin	N	4096.0
6	1316354	1316354	bendroflumethiazide	Drug	RxNorm	Ingredient	S	1369	1970-01-01	2099-12-31		1369	ENG	12253249	12253249	1369	RXNORM	IN	1369	bendroflumethiazide	N	4096.0
7	19020124	19020124	betahistine	Drug	RxNorm	Ingredient	S	1511	1970-01-01	2099-12-31		1511	ENG	12250967	12250967	1511	RXNORM	IN	1511	betahistine	N	
8	19022956	19022956	bezafibrate	Drug	RxNorm	Ingredient	S	1525	1970-01-01	2099-12-31		1525	ENG	12252068	12252068	1525	RXNORM	IN	1525	bezafibrate	N	4096.0
9	929698	929698	boric acid	Drug	RxNorm	Ingredient	S	1700	1970-01-01	2099-12-31		1700	ENG	52489	52489	1700	RXNORM	IN	1700	boric acid	N	4096.0
10	932815	932815	levobunolol	Drug	RxNorm	Ingredient	S	1813	1970-01-01	2099-12-31		1813	ENG	12252685	12252685	1813	RXNORM	IN	1813	levobunolol	N	4096.0
11	1134439	1134439	caffeine	Drug	RxNorm	Ingredient	S	1886	1970-01-01	2099-12-31		1886	ENG	12252074	12252074	1886	RXNORM	IN	1886	caffeine	N	4096.0
12	938205	938205	camphor	Drug	RxNorm	Ingredient	S	1952	1970-01-01	2099-12-31		1952	ENG	12254407	12254407	1952	RXNORM	IN	1952	camphor	N	4096.0
13	939881	939881	capsaicin	Drug	RxNorm	Ingredient	S	1992	1970-01-01	2099-12-31		1992	ENG	12253261	12253261	1992	RXNORM	IN	1992	capsaicin	N	4096.0
14	1340128	1340128	captopril	Drug	RxNorm	Ingredient	S	1998	1970-01-01	2099-12-31		1998	ENG	12250973	12250973	1998	RXNORM	IN	1998	captopril	N	4096.0
15	1769535	1769535	cefadroxil	Drug	RxNorm	Ingredient	S	2177	1970-01-01	2099-12-31		2177	ENG	12254414	12254414	2177	RXNORM	IN	2177	cefadroxil	N	4096.0
16	19095028	19095028	chlorquinaldol	Drug	RxNorm	Ingredient	S	2407	1970-01-01	2099-12-31		2407	ENG	12250448	12250448	2407	RXNORM	IN	2407	chlorquinaldol	N	
17	1195334	1195334	choline	Drug	RxNorm	Ingredient	S	2449	1970-01-01	2099-12-31		2449	ENG	12250981	12250981	2449	RXNORM	IN	2449	choline	N	4096.0
18	19097481	19097481	cinnarizine	Drug	RxNorm	Ingredient	S	2549	1970-01-01	2099-12-31		2549	ENG	12252698	12252698	2549	RXNORM	IN	2549	cinnarizine	N	
19	998415	998415	clobetasol	Drug	RxNorm	Ingredient	S	2590	1970-01-01	2099-12-31		2590	ENG	12252084	12252084	2590	RXNORM	IN	2590	clobetasol	N	4096.0
20	1000995	1000995	coal tar	Drug	RxNorm	Ingredient	S	2635	1970-01-01	2099-12-31		2635	ENG	12250983	12250983	2635	RXNORM	IN	2635	coal tar	N	4096.0
21	909358	909358	cyclizine	Drug	RxNorm	Ingredient	S	2977	1970-01-01	2099-12-31		2977	ENG	12252091	12252091	2977	RXNORM	IN	2977	cyclizine	N	
22	1517070	1517070	desmopressin	Drug	RxNorm	Ingredient	S	3251	1970-01-01	2099-12-31		3251	ENG	2959870	2959870	3251	RXNORM	IN	3251	desmopressin	N	4096.0
23	1319156	1319156	dextran 70	Drug	RxNorm	Ingredient	S	3274	1970-01-01	2099-12-31		3274	ENG	12250995	12250995	3274	RXNORM	IN	3274	dextran 70	N	4096.0
24	930916	930916	diphenoxylate	Drug	RxNorm	Ingredient	S	3500	1970-01-01	2099-12-31		3500	ENG	12254436	12254436	3500	RXNORM	IN	3500	diphenoxylate	N	4096.0
25	1143374	1143374	ephedrine	Drug	RxNorm	Ingredient	S	3966	1970-01-01	2099-12-31		3966	ENG	12252715	12252715	3966	RXNORM	IN	3966	ephedrine	N	4096.0
26	1548195	1548195	estradiol	Drug	RxNorm	Ingredient	S	4083	1970-01-01	2099-12-31		4083	ENG	12254440	12254440	4083	RXNORM	IN	4083	estradiol	N	4096.0
27	1549254	1549254	estrone	Drug	RxNorm	Ingredient	S	4103	1970-01-01	2099-12-31		4103	ENG	12251003	12251003	4103	RXNORM	IN	4103	estrone	N	
28	953076	953076	famotidine	Drug	RxNorm	Ingredient	S	4278	1970-01-01	2099-12-31		4278	ENG	12253293	12253293	4278	RXNORM	IN	4278	famotidine	N	4096.0
29	1555120	1555120	fludrocortisone	Drug	RxNorm	Ingredient	S	4452	1970-01-01	2099-12-31		4452	ENG	12252123	12252123	4452	RXNORM	IN	4452	fludrocortisone	N	4096.0
30	19055156	19055156	flumethasone	Drug	RxNorm	Ingredient	S	4458	1970-01-01	2099-12-31		4458	ENG	12252725	12252725	4458	RXNORM	IN	4458	flumethasone	N	4096.0
31	955252	955252	fluocinonide	Drug	RxNorm	Ingredient	S	4462	1970-01-01	2099-12-31		4462	ENG	12252126	12252126	4462	RXNORM	IN	4462	fluocinonide	N	4096.0
32	755695	755695	fluoxetine	Drug	RxNorm	Ingredient	S	4493	1970-01-01	2099-12-31		4493	ENG	12253888	12253888	4493	RXNORM	IN	4493	fluoxetine	N	4096.0
33	956874	956874	furosemide	Drug	RxNorm	Ingredient	S	4603	1970-01-01	2099-12-31		4603	ENG	12250481	12250481	4603	RXNORM	IN	4603	furosemide	N	4096.0
34	19059796	19059796	gliclazide	Drug	RxNorm	Ingredient	S	4816	1970-01-01	2099-12-31		4816	ENG	12252729	12252729	4816	RXNORM	IN	4816	gliclazide	N	
35	962398	962398	glycine	Drug	RxNorm	Ingredient	S	4919	1970-01-01	2099-12-31		4919	ENG	12252139	12252139	4919	RXNORM	IN	4919	glycine	N	4096.0
36	1563600	1563600	chorionic gonadotropin	Drug	RxNorm	Ingredient	S	4986	1970-01-01	2099-12-31		4986	ENG	12254453	12254453	4986	RXNORM	IN	4986	chorionic gonadotropin	N	4096.0
37	19113045	19113045	heparinoids	Drug	RxNorm	Ingredient	S	5228	1970-01-01	2099-12-31		5228	ENG	12252733	12252733	5228	RXNORM	IN	5228	heparinoids	N	
38	19068839	19068839	hexetidine	Drug	RxNorm	Ingredient	S	5301	1970-01-01	2099-12-31		5301	ENG	12252141	12252141	5301	RXNORM	IN	5301	hexetidine	N	
39	1177480	1177480	ibuprofen	Drug	RxNorm	Ingredient	S	5640	1970-01-01	2099-12-31		5640	ENG	12254458	12254458	5640	RXNORM	IN	5640	ibuprofen	N	4096.0
40	1383815	1383815	isosorbide	Drug	RxNorm	Ingredient	S	6057	1970-01-01	2099-12-31		6057	ENG	12252152	12252152	6057	RXNORM	IN	6057	isosorbide	N	4096.0
41	1383925	1383925	isosorbide dinitrate	Drug	RxNorm	Ingredient	S	6058	1970-01-01	2099-12-31		6058	ENG	12252153	12252153	6058	RXNORM	IN	6058	isosorbide dinitrate	N	4096.0
42	987245	987245	lactulose	Drug	RxNorm	Ingredient	S	6218	1970-01-01	2099-12-31		6218	ENG	12251028	12251028	6218	RXNORM	IN	6218	lactulose	N	4096.0
43	19087317	19087317	lanolin	Drug	RxNorm	Ingredient	S	6227	1970-01-01	2099-12-31		6227	ENG	12252158	12252158	6227	RXNORM	IN	6227	lanolin	N	4096.0
44	19000498	19000498	mefloquine	Drug	RxNorm	Ingredient	S	6694	1970-01-01	2099-12-31		6694	ENG	12251036	12251036	6694	RXNORM	IN	6694	mefloquine	N	4096.0
45	1300978	1300978	megestrol	Drug	RxNorm	Ingredient	S	6703	1970-01-01	2099-12-31		6703	ENG	12254471	12254471	6703	RXNORM	IN	6703	megestrol	N	4096.0
46	19003010	19003010	meptazinol	Drug	RxNorm	Ingredient	S	6761	1970-01-01	2099-12-31		6761	ENG	12252752	12252752	6761	RXNORM	IN	6761	meptazinol	N	
47	1307046	1307046	metoprolol	Drug	RxNorm	Ingredient	S	6918	1970-01-01	2099-12-31		6918	ENG	12253919	12253919	6918	RXNORM	IN	6918	metoprolol	N	4096.0
48	907879	907879	miconazole	Drug	RxNorm	Ingredient	S	6932	1970-01-01	2099-12-31		6932	ENG	12250500	12250500	6932	RXNORM	IN	6932	miconazole	N	4096.0
49	1708880	1708880	minocycline	Drug	RxNorm	Ingredient	S	6980	1970-01-01	2099-12-31		6980	ENG	12253921	12253921	6980	RXNORM	IN	6980	minocycline	N	4096.0
50	721724	721724	nortriptyline	Drug	RxNorm	Ingredient	S	7531	1970-01-01	2099-12-31		7531	ENG	12250506	12250506	7531	RXNORM	IN	7531	nortriptyline	N	4096.0
51	1135766	1135766	phenylephrine	Drug	RxNorm	Ingredient	S	8163	1970-01-01	2099-12-31		8163	ENG	12252193	12252193	8163	RXNORM	IN	8163	phenylephrine	N	4096.0
52	1146810	1146810	piroxicam	Drug	RxNorm	Ingredient	S	8356	1970-01-01	2099-12-31		8356	ENG	12250523	12250523	8356	RXNORM	IN	8356	piroxicam	N	4096.0
53	19047076	19047076	pizotyline	Drug	RxNorm	Ingredient	S	8373	1970-01-01	2099-12-31		8373	ENG	12251069	12251069	8373	RXNORM	IN	8373	pizotyline	N	
54	19049024	19049024	potassium	Drug	RxNorm	Ingredient	S	8588	1970-01-01	2099-12-31		8588	ENG	12251071	12251071	8588	RXNORM	IN	8588	potassium	N	4096.0
55	1750087	1750087	povidone-iodine	Drug	RxNorm	Ingredient	S	8611	1970-01-01	2099-12-31		8611	ENG	12250525	12250525	8611	RXNORM	IN	8611	povidone-iodine	N	4096.0
56	1550557	1550557	prednisolone	Drug	RxNorm	Ingredient	S	8638	1970-01-01	2099-12-31		8638	ENG	2180548	2180548	8638	RXNORM	IN	8638	prednisolone	N	4096.0
57	951279	951279	prilocaine	Drug	RxNorm	Ingredient	S	8686	1970-01-01	2099-12-31		8686	ENG	12254509	12254509	8686	RXNORM	IN	8686	prilocaine	N	4096.0
58	953391	953391	propantheline	Drug	RxNorm	Ingredient	S	8761	1970-01-01	2099-12-31		8761	ENG	12250532	12250532	8761	RXNORM	IN	8761	propantheline	N	4096.0
59	1153664	1153664	propoxyphene	Drug	RxNorm	Ingredient	S	8785	1970-01-01	2099-12-31		8785	ENG	12250533	12250533	8785	RXNORM	IN	8785	propoxyphene	N	
60	1154332	1154332	pseudoephedrine	Drug	RxNorm	Ingredient	S	8896	1970-01-01	2099-12-31		8896	ENG	12253361	12253361	8896	RXNORM	IN	8896	pseudoephedrine	N	4096.0
61	1164108	1164108	salicylamide	Drug	RxNorm	Ingredient	S	9518	1970-01-01	2099-12-31		9518	ENG	304922	304922	9518	RXNORM	IN	9518	salicylamide	N	4096.0
62	970250	970250	spironolactone	Drug	RxNorm	Ingredient	S	9997	1970-01-01	2099-12-31		9997	ENG	12251085	12251085	9997	RXNORM	IN	9997	spironolactone	N	4096.0
63	19000815	19000815	strontium	Drug	RxNorm	Ingredient	S	10122	2009-05-03	2099-12-31		10122	ENG	12250545	12250545	10122	RXNORM	IN	10122	strontium	N	4096.0
64	1636780	1636780	testosterone	Drug	RxNorm	Ingredient	S	10379	1970-01-01	2099-12-31		10379	ENG	12251089	12251089	10379	RXNORM	IN	10379	testosterone	N	4096.0
65	836877	836877	tetrabenazine	Drug	RxNorm	Ingredient	S	10390	1970-01-01	2099-12-31		10390	ENG	12252226	12252226	10390	RXNORM	IN	10390	tetrabenazine	N	4096.0
66	1705674	1705674	trimethoprim	Drug	RxNorm	Ingredient	S	10829	1970-01-01	2099-12-31		10829	ENG	12251668	12251668	10829	RXNORM	IN	10829	trimethoprim	N	4096.0
67	1105889	1105889	triprolidine	Drug	RxNorm	Ingredient	S	10849	1970-01-01	2099-12-31		10849	ENG	12252817	12252817	10849	RXNORM	IN	10849	triprolidine	N	4096.0
68	19009405	19009405	vitamin D	Drug	RxNorm	Ingredient	S	11253	1970-01-01	2099-12-31		11253	ENG	12251097	12251097	11253	RXNORM	IN	11253	vitamin D	N	4096.0
69	911064	911064	zinc oxide	Drug	RxNorm	Ingredient	S	11423	1970-01-01	2099-12-31		11423	ENG	12253987	12253987	11423	RXNORM	IN	11423	zinc oxide	N	4096.0
70	19014202	19014202	alfacalcidol	Drug	RxNorm	Ingredient	S	12062	1970-01-01	2099-12-31		12062	ENG	12252236	12252236	12062	RXNORM	IN	12062	alfacalcidol	N	
71	1529331	1529331	acarbose	Drug	RxNorm	Ingredient	S	16681	1970-01-01	2099-12-31		16681	ENG	12252238	12252238	16681	RXNORM	IN	16681	acarbose	N	4096.0
72	930021	930021	alfuzosin	Drug	RxNorm	Ingredient	S	17300	1970-01-01	2099-12-31		17300	ENG	383069	383069	17300	RXNORM	IN	17300	alfuzosin	N	4096.0
73	19032619	19032619	amorolfine	Drug	RxNorm	Ingredient	S	17804	1970-01-01	2099-12-31		17804	ENG	12253988	12253988	17804	RXNORM	IN	17804	amorolfine	N	
74	934075	934075	azelastine	Drug	RxNorm	Ingredient	S	18603	1970-01-01	2099-12-31		18603	ENG	2180558	2180558	18603	RXNORM	IN	18603	azelastine	N	4096.0
75	19050375	19050375	ciprofibrate	Drug	RxNorm	Ingredient	S	21149	1970-01-01	2099-12-31		21149	ENG	399470	399470	21149	RXNORM	IN	21149	ciprofibrate	N	
76	950435	950435	citric acid	Drug	RxNorm	Ingredient	S	21183	1970-01-01	2099-12-31		21183	ENG	12252241	12252241	21183	RXNORM	IN	21183	citric acid	N	4096.0
77	990009	990009	dipivefrin	Drug	RxNorm	Ingredient	S	23410	1970-01-01	2099-12-31		23410	ENG	12252829	12252829	23410	RXNORM	IN	23410	dipivefrin	N	
78	996541	996541	fluocinolone	Drug	RxNorm	Ingredient	S	25126	1970-01-01	2099-12-31		25126	ENG	416081	416081	25126	RXNORM	IN	25126	fluocinolone	N	4096.0
79	1103518	1103518	isometheptene	Drug	RxNorm	Ingredient	S	27946	1970-01-01	2099-12-31		27946	ENG	430087	430087	27946	RXNORM	IN	27946	isometheptene	N	4096.0
80	1107830	1107830	loratadine	Drug	RxNorm	Ingredient	S	28889	1970-01-01	2099-12-31		28889	ENG	12252832	12252832	28889	RXNORM	IN	28889	loratadine	N	4096.0
81	1308216	1308216	lisinopril	Drug	RxNorm	Ingredient	S	29046	1970-01-01	2099-12-31		29046	ENG	12250571	12250571	29046	RXNORM	IN	29046	lisinopril	N	4096.0
82	19008994	19008994	mebeverine	Drug	RxNorm	Ingredient	S	29410	1970-01-01	2099-12-31		29410	ENG	435919	435919	29410	RXNORM	IN	29410	mebeverine	N	
83	938061	938061	selenium sulfide	Drug	RxNorm	Ingredient	S	36345	1970-01-01	2099-12-31		36345	ENG	3019800	3019800	36345	RXNORM	IN	36345	selenium sulfide	N	4096.0
84	938268	938268	sennosides, USP	Drug	RxNorm	Ingredient	S	36387	1970-01-01	2099-12-31		36387	ENG	3085130	3085130	36387	RXNORM	IN	36387	sennosides, USP	N	4096.0
85	939506	939506	sodium bicarbonate	Drug	RxNorm	Ingredient	S	36676	1970-01-01	2099-12-31		36676	ENG	12254556	12254556	36676	RXNORM	IN	36676	sodium bicarbonate	N	4096.0
86	19041933	19041933	tibolone	Drug	RxNorm	Ingredient	S	38260	1970-01-01	2099-12-31		38260	ENG	470740	470740	38260	RXNORM	IN	38260	tibolone	N	
87	19042445	19042445	tramazoline	Drug	RxNorm	Ingredient	S	38453	1970-01-01	2099-12-31		38453	ENG	471467	471467	38453	RXNORM	IN	38453	tramazoline	N	
88	19042550	19042550	triazulenone	Drug	RxNorm	Ingredient	S	38555	1970-01-01	2099-12-31		38555	ENG	471958	471958	38555	RXNORM	IN	38555	triazulenone	N	
89	944360	944360	zinc pyrithione	Drug	RxNorm	Ingredient	S	39952	1970-01-01	2099-12-31		39952	ENG	477316	477316	39952	RXNORM	IN	39952	zinc pyrithione	N	4096.0
90	1150770	1150770	astemizole	Drug	RxNorm	Ingredient	S	42328	1970-01-01	2099-12-31		42328	ENG	12252848	12252848	42328	RXNORM	IN	42328	astemizole	N	
91	1150871	1150871	misoprostol	Drug	RxNorm	Ingredient	S	42331	1970-01-01	2099-12-31		42331	ENG	12251688	12251688	42331	RXNORM	IN	42331	misoprostol	N	4096.0
92	750982	750982	bupropion	Drug	RxNorm	Ingredient	S	42347	1970-01-01	2099-12-31		42347	ENG	12252251	12252251	42347	RXNORM	IN	42347	bupropion	N	4096.0
93	751412	751412	fluvoxamine	Drug	RxNorm	Ingredient	S	42355	1970-01-01	2099-12-31		42355	ENG	12254561	12254561	42355	RXNORM	IN	42355	fluvoxamine	N	4096.0
94	1351541	1351541	leuprolide	Drug	RxNorm	Ingredient	S	42375	1970-01-01	2099-12-31		42375	ENG	12253999	12253999	42375	RXNORM	IN	42375	leuprolide	N	4096.0
95	979096	979096	zinc acetate	Drug	RxNorm	Ingredient	S	58295	1970-01-01	2099-12-31		58295	ENG	12251124	12251124	58295	RXNORM	IN	58295	zinc acetate	N	4096.0
96	1704183	1704183	lamivudine	Drug	RxNorm	Ingredient	S	68244	1970-01-01	2099-12-31		68244	ENG	12251704	12251704	68244	RXNORM	IN	68244	lamivudine	N	4096.0
97	19017742	19017742	febuxostat	Drug	RxNorm	Ingredient	S	73689	2009-03-01	2099-12-31		73689	ENG	2945694	2945694	73689	RXNORM	IN	73689	febuxostat	N	4096.0
98	19043959	19043959	acamprosate	Drug	RxNorm	Ingredient	S	82819	1970-01-01	2099-12-31		82819	ENG	674215	674215	82819	RXNORM	IN	82819	acamprosate	N	4096.0
99	1550023	1550023	insulin lispro	Drug	RxNorm	Ingredient	S	86009	1970-01-01	2099-12-31		86009	ENG	12253422	12253422	86009	RXNORM	IN	86009	insulin lispro	N	4096.0
100	1154077	1154077	rizatriptan	Drug	RxNorm	Ingredient	S	88014	1970-01-01	2099-12-31		88014	ENG	686620	686620	88014	RXNORM	IN	88014	rizatriptan	N	4096.0
101	19058343	19058343	phenoxyethanol	Drug	RxNorm	Ingredient	S	89552	1970-01-01	2099-12-31		89552	ENG	12254583	12254583	89552	RXNORM	IN	89552	phenoxyethanol	N	4096.0
102	913782	913782	tolterodine	Drug	RxNorm	Ingredient	S	119565	1970-01-01	2099-12-31		119565	ENG	838778	838778	119565	RXNORM	IN	119565	tolterodine	N	4096.0
103	1151789	1151789	etanercept	Drug	RxNorm	Ingredient	S	214555	1970-01-01	2099-12-31		214555	ENG	12254038	12254038	214555	RXNORM	IN	214555	etanercept	N	4096.0
104	1189754	1189754	rofecoxib	Drug	RxNorm	Ingredient	S	232158	1970-01-01	2099-12-31		232158	ENG	1914922	1914922	232158	RXNORM	IN	232158	rofecoxib	N	
105	990499	990499	sodium phosphate, monobasic	Drug	RxNorm	Ingredient	S	235496	1970-01-01	2099-12-31		235496	ENG	12250621	12250621	235496	RXNORM	IN	235496	sodium phosphate, monobasic	N	4096.0
106	19055492	19055492	Capsicum oleoresin	Drug	RxNorm	Ingredient	S	235787	1970-01-01	2099-12-31		235787	ENG	12251738	12251738	235787	RXNORM	IN	235787	Capsicum oleoresin	N	4096.0
107	1596977	1596977	insulin, regular, human	Drug	RxNorm	Ingredient	S	253182	1970-01-01	2099-12-31		253182	ENG	11794216	11794216	253182	RXNORM	IN	253182	insulin, regular, human	N	4096.0
108	1197736	1197736	mefenamate	Drug	RxNorm	Ingredient	S	257844	2006-05-14	2099-12-31		257844	ENG	12250638	12250638	257844	RXNORM	IN	257844	mefenamate	N	4096.0
109	904453	904453	esomeprazole	Drug	RxNorm	Ingredient	S	283742	1970-01-01	2099-12-31		283742	ENG	12251179	12251179	283742	RXNORM	IN	283742	esomeprazole	N	4096.0
110	19007748	19007748	cetrimide	Drug	RxNorm	Ingredient	S	288088	1970-01-01	2099-12-31		288088	ENG	12254630	12254630	288088	RXNORM	IN	288088	cetrimide	N	
111	19008361	19008361	tacalcitol	Drug	RxNorm	Ingredient	S	291204	1970-01-01	2099-12-31		291204	ENG	12254632	12254632	291204	RXNORM	IN	291204	tacalcitol	N	
112	19005046	19005046	pyridoxine	Drug	RxNorm	Ingredient	S	684879	2007-12-30	2099-12-31		684879	ENG	2760584	2760584	684879	RXNORM	IN	684879	pyridoxine	N	4096.0
113	40239216	40239216	linagliptin	Drug	RxNorm	Ingredient	S	1100699	2011-06-05	2099-12-31		1100699	ENG	12252954	12252954	1100699	RXNORM	IN	1100699	linagliptin	N	4096.0
114	1139042	1139042	acetylcysteine	Drug	RxNorm	Ingredient	S	197	1970-01-01	2099-12-31		197	ENG	12252671	12252671	197	RXNORM	IN	197	acetylcysteine	N	4096.0
115	710062	710062	amitriptyline	Drug	RxNorm	Ingredient	S	704	1970-01-01	2099-12-31		704	ENG	12252058	12252058	704	RXNORM	IN	704	amitriptyline	N	4096.0
116	919204	919204	amylase	Drug	RxNorm	Ingredient	S	743	1970-01-01	2099-12-31		743	ENG	12252677	12252677	743	RXNORM	IN	743	amylase	N	4096.0
117	951237	951237	antazoline	Drug	RxNorm	Ingredient	S	865	1970-01-01	2099-12-31		865	ENG	12250962	12250962	865	RXNORM	IN	865	antazoline	N	
118	915175	915175	bacitracin	Drug	RxNorm	Ingredient	S	1291	1970-01-01	2099-12-31		1291	ENG	12251539	12251539	1291	RXNORM	IN	1291	bacitracin	N	4096.0
119	19016463	19016463	benserazide	Drug	RxNorm	Ingredient	S	1374	1970-01-01	2099-12-31		1374	ENG	12254397	12254397	1374	RXNORM	IN	1374	benserazide	N	
120	918172	918172	benzoyl peroxide	Drug	RxNorm	Ingredient	S	1418	1970-01-01	2099-12-31		1418	ENG	12254398	12254398	1418	RXNORM	IN	1418	benzoyl peroxide	N	4096.0
121	19019620	19019620	benzydamine	Drug	RxNorm	Ingredient	S	1425	1970-01-01	2099-12-31		1425	ENG	12252067	12252067	1425	RXNORM	IN	1425	benzydamine	N	
122	924939	924939	bisacodyl	Drug	RxNorm	Ingredient	S	1596	1970-01-01	2099-12-31		1596	ENG	12252071	12252071	1596	RXNORM	IN	1596	bisacodyl	N	4096.0
123	19035704	19035704	calcium carbonate	Drug	RxNorm	Ingredient	S	1897	1970-01-01	2099-12-31		1897	ENG	12250435	12250435	1897	RXNORM	IN	1897	calcium carbonate	N	4096.0
124	19037401	19037401	calcium phosphate	Drug	RxNorm	Ingredient	S	1919	1970-01-01	2099-12-31		1919	ENG	58704	58704	1919	RXNORM	IN	1919	calcium phosphate	N	4096.0
125	740275	740275	carbamazepine	Drug	RxNorm	Ingredient	S	2002	1970-01-01	2099-12-31		2002	ENG	12250974	12250974	2002	RXNORM	IN	2002	carbamazepine	N	4096.0
126	740560	740560	carbidopa	Drug	RxNorm	Ingredient	S	2019	1970-01-01	2099-12-31		2019	ENG	12252688	12252688	2019	RXNORM	IN	2019	carbidopa	N	4096.0
127	1768849	1768849	cefaclor	Drug	RxNorm	Ingredient	S	2176	1970-01-01	2099-12-31		2176	ENG	12250976	12250976	2176	RXNORM	IN	2176	cefaclor	N	4096.0
128	1778162	1778162	cefuroxime	Drug	RxNorm	Ingredient	S	2194	1970-01-01	2099-12-31		2194	ENG	12250443	12250443	2194	RXNORM	IN	2194	cefuroxime	N	4096.0
129	990678	990678	chlordiazepoxide	Drug	RxNorm	Ingredient	S	2356	1970-01-01	2099-12-31		2356	ENG	12254421	12254421	2356	RXNORM	IN	2356	chlordiazepoxide	N	4096.0
130	1792429	1792429	proguanil	Drug	RxNorm	Ingredient	S	2382	1970-01-01	2099-12-31		2382	ENG	12252694	12252694	2382	RXNORM	IN	2382	proguanil	N	4096.0
131	997276	997276	cimetidine	Drug	RxNorm	Ingredient	S	2541	1970-01-01	2099-12-31		2541	ENG	12254424	12254424	2541	RXNORM	IN	2541	cimetidine	N	4096.0
132	798834	798834	clomipramine	Drug	RxNorm	Ingredient	S	2597	1970-01-01	2099-12-31		2597	ENG	12252086	12252086	2597	RXNORM	IN	2597	clomipramine	N	4096.0
133	798874	798874	clonazepam	Drug	RxNorm	Ingredient	S	2598	1970-01-01	2099-12-31		2598	ENG	12252087	12252087	2598	RXNORM	IN	2598	clonazepam	N	4096.0
134	19071128	19071128	copper	Drug	RxNorm	Ingredient	S	2837	1970-01-01	2099-12-31		2837	ENG	12252701	12252701	2837	RXNORM	IN	2837	copper	N	4096.0
135	1310317	1310317	cyclophosphamide	Drug	RxNorm	Ingredient	S	3002	1970-01-01	2099-12-31		3002	ENG	12252092	12252092	3002	RXNORM	IN	3002	cyclophosphamide	N	4096.0
136	19010792	19010792	cyproterone	Drug	RxNorm	Ingredient	S	3014	1970-01-01	2099-12-31		3014	ENG	12253276	12253276	3014	RXNORM	IN	3014	cyproterone	N	
137	1326303	1326303	digoxin	Drug	RxNorm	Ingredient	S	3407	1970-01-01	2099-12-31		3407	ENG	12254433	12254433	3407	RXNORM	IN	3407	digoxin	N	4096.0
138	735850	735850	disulfiram	Drug	RxNorm	Ingredient	S	3554	1970-01-01	2099-12-31		3554	ENG	12253880	12253880	3554	RXNORM	IN	3554	disulfiram	N	4096.0
139	19040060	19040060	dydrogesterone	Drug	RxNorm	Ingredient	S	3706	1970-01-01	2099-12-31		3706	ENG	12254438	12254438	3706	RXNORM	IN	3706	dydrogesterone	N	
140	1341927	1341927	enalapril	Drug	RxNorm	Ingredient	S	3827	1970-01-01	2099-12-31		3827	ENG	12252110	12252110	3827	RXNORM	IN	3827	enalapril	N	4096.0
141	1549080	1549080	estrogens, conjugated (USP)	Drug	RxNorm	Ingredient	S	4099	1970-01-01	2099-12-31		4099	ENG	12253885	12253885	4099	RXNORM	IN	4099	estrogens, conjugated (USP)	N	4096.0
142	19049350	19049350	ethamsylate	Drug	RxNorm	Ingredient	S	4112	1970-01-01	2099-12-31		4112	ENG	12252717	12252717	4112	RXNORM	IN	4112	ethamsylate	N	4096.0
143	1153928	1153928	fenoprofen	Drug	RxNorm	Ingredient	S	4331	1970-01-01	2099-12-31		4331	ENG	12252120	12252120	4331	RXNORM	IN	4331	fenoprofen	N	4096.0
144	1754994	1754994	fluconazole	Drug	RxNorm	Ingredient	S	4450	1970-01-01	2099-12-31		4450	ENG	12252122	12252122	4450	RXNORM	IN	4450	fluconazole	N	4096.0
145	955583	955583	fluorometholone	Drug	RxNorm	Ingredient	S	4491	1970-01-01	2099-12-31		4491	ENG	12252129	12252129	4491	RXNORM	IN	4491	fluorometholone	N	4096.0
146	974166	974166	hydrochlorothiazide	Drug	RxNorm	Ingredient	S	5487	1970-01-01	2099-12-31		5487	ENG	12253897	12253897	5487	RXNORM	IN	5487	hydrochlorothiazide	N	4096.0
147	1377141	1377141	hydroxyurea	Drug	RxNorm	Ingredient	S	5552	1970-01-01	2099-12-31		5552	ENG	2180537	2180537	5552	RXNORM	IN	5552	hydroxyurea	N	4096.0
148	978555	978555	indapamide	Drug	RxNorm	Ingredient	S	5764	1970-01-01	2099-12-31		5764	ENG	12251020	12251020	5764	RXNORM	IN	5764	indapamide	N	4096.0
149	19084915	19084915	karaya gum	Drug	RxNorm	Ingredient	S	6111	1970-01-01	2099-12-31		6111	ENG	12252157	12252157	6111	RXNORM	IN	6111	karaya gum	N	
150	991876	991876	loperamide	Drug	RxNorm	Ingredient	S	6468	1970-01-01	2099-12-31		6468	ENG	12252164	12252164	6468	RXNORM	IN	6468	loperamide	N	4096.0
151	791967	791967	lorazepam	Drug	RxNorm	Ingredient	S	6470	1970-01-01	2099-12-31		6470	ENG	12253907	12253907	6470	RXNORM	IN	6470	lorazepam	N	4096.0
152	992956	992956	magnesium hydroxide	Drug	RxNorm	Ingredient	S	6581	1970-01-01	2099-12-31		6581	ENG	12252165	12252165	6581	RXNORM	IN	6581	magnesium hydroxide	N	4096.0
153	1394027	1394027	manganese	Drug	RxNorm	Ingredient	S	6623	1970-01-01	2099-12-31		6623	ENG	12252747	12252747	6623	RXNORM	IN	6623	manganese	N	4096.0
154	1506270	1506270	methylprednisolone	Drug	RxNorm	Ingredient	S	6902	1970-01-01	2099-12-31		6902	ENG	12251602	12251602	6902	RXNORM	IN	6902	methylprednisolone	N	4096.0
155	1707164	1707164	metronidazole	Drug	RxNorm	Ingredient	S	6922	1970-01-01	2099-12-31		6922	ENG	12252755	12252755	6922	RXNORM	IN	6922	metronidazole	N	4096.0
156	1307542	1307542	mexiletine	Drug	RxNorm	Ingredient	S	6926	1970-01-01	2099-12-31		6926	ENG	12254482	12254482	6926	RXNORM	IN	6926	mexiletine	N	4096.0
157	1112921	1112921	ipratropium	Drug	RxNorm	Ingredient	S	7213	1970-01-01	2099-12-31		7213	ENG	12252182	12252182	7213	RXNORM	IN	7213	ipratropium	N	4096.0
158	1313200	1313200	nadolol	Drug	RxNorm	Ingredient	S	7226	1970-01-01	2099-12-31		7226	ENG	12251608	12251608	7226	RXNORM	IN	7226	nadolol	N	4096.0
159	718583	718583	nicotine	Drug	RxNorm	Ingredient	S	7407	1970-01-01	2099-12-31		7407	ENG	12250505	12250505	7407	RXNORM	IN	7407	nicotine	N	4096.0
160	1318853	1318853	nifedipine	Drug	RxNorm	Ingredient	S	7417	1970-01-01	2099-12-31		7417	ENG	12251052	12251052	7417	RXNORM	IN	7417	nifedipine	N	4096.0
161	724394	724394	orphenadrine	Drug	RxNorm	Ingredient	S	7715	1970-01-01	2099-12-31		7715	ENG	12252769	12252769	7715	RXNORM	IN	7715	orphenadrine	N	4096.0
162	1729720	1729720	penicillin V	Drug	RxNorm	Ingredient	S	7984	1970-01-01	2099-12-31		7984	ENG	12251627	12251627	7984	RXNORM	IN	7984	penicillin V	N	4096.0
163	1331247	1331247	pentoxifylline	Drug	RxNorm	Ingredient	S	8013	1970-01-01	2099-12-31		8013	ENG	12254500	12254500	8013	RXNORM	IN	8013	pentoxifylline	N	4096.0
164	732309	732309	pergolide	Drug	RxNorm	Ingredient	S	8047	1970-01-01	2099-12-31		8047	ENG	12250514	12250514	8047	RXNORM	IN	8047	pergolide	N	4096.0
165	19043395	19043395	phosphorus	Drug	RxNorm	Ingredient	S	8263	1970-01-01	2099-12-31		8263	ENG	12252196	12252196	8263	RXNORM	IN	8263	phosphorus	N	
166	964407	964407	salicylic acid	Drug	RxNorm	Ingredient	S	9525	1970-01-01	2099-12-31		9525	ENG	12250543	12250543	9525	RXNORM	IN	9525	salicylic acid	N	4096.0
167	966282	966282	selenium	Drug	RxNorm	Ingredient	S	9641	1970-01-01	2099-12-31		9641	ENG	12254517	12254517	9641	RXNORM	IN	9641	selenium	N	4096.0
168	1370109	1370109	sotalol	Drug	RxNorm	Ingredient	S	9947	1970-01-01	2099-12-31		9947	ENG	12253958	12253958	9947	RXNORM	IN	9947	sotalol	N	4096.0
169	19070224	19070224	soybean oil	Drug	RxNorm	Ingredient	S	9949	1970-01-01	2099-12-31		9949	ENG	12251084	12251084	9949	RXNORM	IN	9949	soybean oil	N	4096.0
170	1036487	1036487	sulfathiazole	Drug	RxNorm	Ingredient	S	10193	1970-01-01	2099-12-31		10193	ENG	326220	326220	10193	RXNORM	IN	10193	sulfathiazole	N	4096.0
171	1036525	1036525	sulfur	Drug	RxNorm	Ingredient	S	10223	1970-01-01	2099-12-31		10223	ENG	12251657	12251657	10223	RXNORM	IN	10223	sulfur	N	4096.0
172	1502855	1502855	tolbutamide	Drug	RxNorm	Ingredient	S	10635	1970-01-01	2099-12-31		10635	ENG	12254532	12254532	10635	RXNORM	IN	10635	tolbutamide	N	4096.0
173	1303425	1303425	tranexamic acid	Drug	RxNorm	Ingredient	S	10691	1970-01-01	2099-12-31		10691	ENG	12253973	12253973	10691	RXNORM	IN	10691	tranexamic acid	N	4096.0
174	703547	703547	trazodone	Drug	RxNorm	Ingredient	S	10737	1970-01-01	2099-12-31		10737	ENG	12252814	12252814	10737	RXNORM	IN	10737	trazodone	N	4096.0
175	903643	903643	tretinoin	Drug	RxNorm	Ingredient	S	10753	1970-01-01	2099-12-31		10753	ENG	12254533	12254533	10753	RXNORM	IN	10753	tretinoin	N	4096.0
176	903963	903963	triamcinolone	Drug	RxNorm	Ingredient	S	10759	1970-01-01	2099-12-31		10759	ENG	12253380	12253380	10759	RXNORM	IN	10759	triamcinolone	N	4096.0
177	904542	904542	triamterene	Drug	RxNorm	Ingredient	S	10763	1970-01-01	2099-12-31		10763	ENG	12254535	12254535	10763	RXNORM	IN	10763	triamterene	N	4096.0
178	906914	906914	urea	Drug	RxNorm	Ingredient	S	11002	1970-01-01	2099-12-31		11002	ENG	12253383	12253383	11002	RXNORM	IN	11002	urea	N	4096.0
179	1512674	1512674	drospirenone	Drug	RxNorm	Ingredient	S	11636	1970-01-01	2099-12-31		11636	ENG	365700	365700	11636	RXNORM	IN	11636	drospirenone	N	4096.0
180	19020002	19020002	vigabatrin	Drug	RxNorm	Ingredient	S	14851	1970-01-01	2099-12-31		14851	ENG	12253387	12253387	14851	RXNORM	IN	14851	vigabatrin	N	4096.0
181	725131	725131	mirtazapine	Drug	RxNorm	Ingredient	S	15996	1970-01-01	2099-12-31		15996	ENG	12253388	12253388	15996	RXNORM	IN	15996	mirtazapine	N	4096.0
182	19030059	19030059	alginic acid	Drug	RxNorm	Ingredient	S	17305	1970-01-01	2099-12-31		17305	ENG	383110	383110	17305	RXNORM	IN	17305	alginic acid	N	4096.0
183	934262	934262	balsalazide	Drug	RxNorm	Ingredient	S	18747	1970-01-01	2099-12-31		18747	ENG	388862	388862	18747	RXNORM	IN	18747	balsalazide	N	4096.0
184	19037706	19037706	bismuth oxide	Drug	RxNorm	Ingredient	S	19472	1970-01-01	2099-12-31		19472	ENG	391495	391495	19472	RXNORM	IN	19472	bismuth oxide	N	
185	1346823	1346823	carvedilol	Drug	RxNorm	Ingredient	S	20352	1970-01-01	2099-12-31		20352	ENG	395370	395370	20352	RXNORM	IN	20352	carvedilol	N	4096.0
186	19049145	19049145	celiprolol	Drug	RxNorm	Ingredient	S	20498	1970-01-01	2099-12-31		20498	ENG	12251103	12251103	20498	RXNORM	IN	20498	celiprolol	N	
187	19086560	19086560	danthron	Drug	RxNorm	Ingredient	S	22293	1970-01-01	2099-12-31		22293	ENG	404507	404507	22293	RXNORM	IN	22293	danthron	N	
188	1189596	1189596	dihydrocodeine	Drug	RxNorm	Ingredient	S	23088	1970-01-01	2099-12-31		23088	ENG	407563	407563	23088	RXNORM	IN	23088	dihydrocodeine	N	4096.0
189	1101898	1101898	leflunomide	Drug	RxNorm	Ingredient	S	27169	1970-01-01	2099-12-31		27169	ENG	427036	427036	27169	RXNORM	IN	27169	leflunomide	N	4096.0
190	1703653	1703653	itraconazole	Drug	RxNorm	Ingredient	S	28031	1970-01-01	2099-12-31		28031	ENG	12250570	12250570	28031	RXNORM	IN	28031	itraconazole	N	4096.0
191	908464	908464	magnesium carbonate	Drug	RxNorm	Ingredient	S	29155	1970-01-01	2099-12-31		29155	ENG	434864	434864	29155	RXNORM	IN	29155	magnesium carbonate	N	4096.0
192	908730	908730	magnesium trisilicate	Drug	RxNorm	Ingredient	S	29170	1970-01-01	2099-12-31		29170	ENG	434932	434932	29170	RXNORM	IN	29170	magnesium trisilicate	N	4096.0
193	1314577	1314577	nebivolol	Drug	RxNorm	Ingredient	S	31555	1970-01-01	2099-12-31		31555	ENG	443722	443722	31555	RXNORM	IN	31555	nebivolol	N	4096.0
194	1114620	1114620	nedocromil	Drug	RxNorm	Ingredient	S	31563	1970-01-01	2099-12-31		31563	ENG	12251683	12251683	31563	RXNORM	IN	31563	nedocromil	N	4096.0
195	1515774	1515774	norgestimate	Drug	RxNorm	Ingredient	S	31994	1970-01-01	2099-12-31		31994	ENG	445604	445604	31994	RXNORM	IN	31994	norgestimate	N	4096.0
196	916282	916282	olsalazine	Drug	RxNorm	Ingredient	S	32385	1970-01-01	2099-12-31		32385	ENG	446997	446997	32385	RXNORM	IN	32385	olsalazine	N	4096.0
197	19018882	19018882	oxitropium	Drug	RxNorm	Ingredient	S	32649	1970-01-01	2099-12-31		32649	ENG	448233	448233	32649	RXNORM	IN	32649	oxitropium	N	
198	722031	722031	paroxetine	Drug	RxNorm	Ingredient	S	32937	1970-01-01	2099-12-31		32937	ENG	12252833	12252833	32937	RXNORM	IN	32937	paroxetine	N	4096.0
199	922868	922868	permethrin	Drug	RxNorm	Ingredient	S	33199	1970-01-01	2099-12-31		33199	ENG	12253399	12253399	33199	RXNORM	IN	33199	permethrin	N	4096.0
200	19024213	19024213	pholcodine	Drug	RxNorm	Ingredient	S	33431	1970-01-01	2099-12-31		33431	ENG	451262	451262	33431	RXNORM	IN	33431	pholcodine	N	
201	1331235	1331235	quinapril	Drug	RxNorm	Ingredient	S	35208	1970-01-01	2099-12-31		35208	ENG	458717	458717	35208	RXNORM	IN	35208	quinapril	N	4096.0
202	1539403	1539403	simvastatin	Drug	RxNorm	Ingredient	S	36567	1970-01-01	2099-12-31		36567	ENG	12250576	12250576	36567	RXNORM	IN	36567	simvastatin	N	4096.0
203	1140643	1140643	sumatriptan	Drug	RxNorm	Ingredient	S	37418	1970-01-01	2099-12-31		37418	ENG	12251109	12251109	37418	RXNORM	IN	37418	sumatriptan	N	4096.0
204	741530	741530	orlistat	Drug	RxNorm	Ingredient	S	37925	1970-01-01	2099-12-31		37925	ENG	469424	469424	37925	RXNORM	IN	37925	orlistat	N	4096.0
205	948078	948078	pantoprazole	Drug	RxNorm	Ingredient	S	40790	1970-01-01	2099-12-31		40790	ENG	485118	485118	40790	RXNORM	IN	40790	pantoprazole	N	4096.0
206	951511	951511	mupirocin	Drug	RxNorm	Ingredient	S	42372	1970-01-01	2099-12-31		42372	ENG	12253998	12253998	42372	RXNORM	IN	42372	mupirocin	N	4096.0
207	1557272	1557272	alendronate	Drug	RxNorm	Ingredient	S	46041	1970-01-01	2099-12-31		46041	ENG	12251115	12251115	46041	RXNORM	IN	46041	alendronate	N	4096.0
208	1363749	1363749	fosinopril	Drug	RxNorm	Ingredient	S	50166	1970-01-01	2099-12-31		50166	ENG	12252853	12252853	50166	RXNORM	IN	50166	fosinopril	N	4096.0
209	19115055	19115055	sennoside B	Drug	RxNorm	Ingredient	S	56161	1970-01-01	2099-12-31		56161	ENG	530413	530413	56161	RXNORM	IN	56161	sennoside B	N	
210	778474	778474	tizanidine	Drug	RxNorm	Ingredient	S	57258	1970-01-01	2099-12-31		57258	ENG	533206	533206	57258	RXNORM	IN	57258	tizanidine	N	4096.0
211	1703603	1703603	famciclovir	Drug	RxNorm	Ingredient	S	68099	1970-01-01	2099-12-31		68099	ENG	605112	605112	68099	RXNORM	IN	68099	famciclovir	N	4096.0
212	1308842	1308842	valsartan	Drug	RxNorm	Ingredient	S	69749	1970-01-01	2099-12-31		69749	ENG	609594	609594	69749	RXNORM	IN	69749	valsartan	N	4096.0
213	1545958	1545958	atorvastatin	Drug	RxNorm	Ingredient	S	83367	1970-01-01	2099-12-31		83367	ENG	675801	675801	83367	RXNORM	IN	83367	atorvastatin	N	4096.0
214	1347384	1347384	irbesartan	Drug	RxNorm	Ingredient	S	83818	1970-01-01	2099-12-31		83818	ENG	676994	676994	83818	RXNORM	IN	83818	irbesartan	N	4096.0
215	1748921	1748921	ritonavir	Drug	RxNorm	Ingredient	S	85762	1970-01-01	2099-12-31		85762	ENG	12251713	12251713	85762	RXNORM	IN	85762	ritonavir	N	4096.0
216	19137031	19137031	ispaghula husk	Drug	RxNorm	Ingredient	S	104129	1970-01-01	2099-12-31		104129	ENG	12250604	12250604	104129	RXNORM	IN	104129	ispaghula husk	N	4096.0
217	905233	905233	mometasone	Drug	RxNorm	Ingredient	S	108118	1970-01-01	2099-12-31		108118	ENG	12253431	12253431	108118	RXNORM	IN	108118	mometasone	N	4096.0
218	915542	915542	brimonidine	Drug	RxNorm	Ingredient	S	134615	1970-01-01	2099-12-31		134615	ENG	928046	928046	134615	RXNORM	IN	134615	brimonidine	N	4096.0
219	19015802	19015802	lercanidipine	Drug	RxNorm	Ingredient	S	135056	1970-01-01	2099-12-31		135056	ENG	929215	929215	135056	RXNORM	IN	135056	lercanidipine	N	
220	1118117	1118117	naratriptan	Drug	RxNorm	Ingredient	S	141366	1970-01-01	2099-12-31		141366	ENG	942512	942512	141366	RXNORM	IN	141366	naratriptan	N	4096.0
221	1385800	1385800	yohimbine	Drug	RxNorm	Ingredient	S	220982	1970-01-01	2099-12-31		220982	ENG	4605999	4605999	220982	RXNORM	IN	220982	yohimbine	N	4096.0
222	986417	986417	polyethylene glycol 3350	Drug	RxNorm	Ingredient	S	221147	1970-01-01	2099-12-31		221147	ENG	12250616	12250616	221147	RXNORM	IN	221147	polyethylene glycol 3350	N	4096.0
223	989482	989482	dutasteride	Drug	RxNorm	Ingredient	S	228790	1970-01-01	2099-12-31		228790	ENG	12251149	12251149	228790	RXNORM	IN	228790	dutasteride	N	4096.0
224	40163615	40163615	dronedarone	Drug	RxNorm	Ingredient	S	233698	2009-08-02	2099-12-31		233698	ENG	2977547	2977547	233698	RXNORM	IN	233698	dronedarone	N	4096.0
225	1799139	1799139	oseltamivir	Drug	RxNorm	Ingredient	S	260101	1970-01-01	2099-12-31		260101	ENG	12250641	12250641	260101	RXNORM	IN	260101	oseltamivir	N	4096.0
226	1703069	1703069	emtricitabine	Drug	RxNorm	Ingredient	S	276237	1970-01-01	2099-12-31		276237	ENG	1337902	1337902	276237	RXNORM	IN	276237	emtricitabine	N	4096.0
227	1710281	1710281	tenofovir disoproxil	Drug	RxNorm	Ingredient	S	300195	1970-01-01	2099-12-31		300195	ENG	2051345	2051345	300195	RXNORM	IN	300195	tenofovir disoproxil	N	4096.0
228	1510813	1510813	rosuvastatin	Drug	RxNorm	Ingredient	S	301542	1970-01-01	2099-12-31		301542	ENG	1386783	1386783	301542	RXNORM	IN	301542	rosuvastatin	N	4096.0
229	1311276	1311276	vardenafil	Drug	RxNorm	Ingredient	S	306674	1970-01-01	2099-12-31		306674	ENG	1395204	1395204	306674	RXNORM	IN	306674	vardenafil	N	4096.0
230	1336926	1336926	tadalafil	Drug	RxNorm	Ingredient	S	358263	1970-01-01	2099-12-31		358263	ENG	1560273	1560273	358263	RXNORM	IN	358263	tadalafil	N	4096.0
231	1548111	1548111	cinacalcet	Drug	RxNorm	Ingredient	S	407990	1970-01-01	2099-12-31		407990	ENG	2051363	2051363	407990	RXNORM	IN	407990	cinacalcet	N	4096.0
232	1756831	1756831	darunavir	Drug	RxNorm	Ingredient	S	460132	2006-11-19	2099-12-31		460132	ENG	2595306	2595306	460132	RXNORM	IN	460132	darunavir	N	4096.0
233	780442	780442	varenicline	Drug	RxNorm	Ingredient	S	591622	2006-07-09	2099-12-31		591622	ENG	2534050	2534050	591622	RXNORM	IN	591622	varenicline	N	4096.0
234	1712889	1712889	raltegravir	Drug	RxNorm	Ingredient	S	719872	2007-12-30	2099-12-31		719872	ENG	5461363	5461363	719872	RXNORM	IN	719872	raltegravir	N	4096.0
235	529660	529660	hepatitis A vaccine (inactivated) strain HM175	Drug	RxNorm	Ingredient	S	798361	2008-06-29	2099-12-31		798361	ENG	12254661	12254661	798361	RXNORM	IN	798361	hepatitis A vaccine (inactivated) strain HM175	N	4096.0
236	42898572	42898572	carbomer homopolymer type c	Drug	RxNorm	Ingredient	S	1305738	2012-10-01	2099-12-31		1305738	ENG	5461364	5461364	1305738	RXNORM	IN	1305738	carbomer homopolymer type c	N	4096.0
237	42898952	42898952	coconut oil	Drug	RxNorm	Ingredient	S	1309239	2012-10-01	2099-12-31		1309239	ENG	12251253	12251253	1309239	RXNORM	IN	1309239	coconut oil	N	4096.0
238	42903865	42903865	DL-lactic acid	Drug	RxNorm	Ingredient	S	1314409	2012-12-03	2099-12-31		1314409	ENG	12253049	12253049	1314409	RXNORM	IN	1314409	DL-lactic acid	N	4096.0
239	43013024	43013024	apixaban	Drug	RxNorm	Ingredient	S	1364430	2013-02-04	2099-12-31		1364430	ENG	5042886	5042886	1364430	RXNORM	IN	1364430	apixaban	N	4096.0
240	46221581	46221581	insulin isophane	Drug	RxNorm	Ingredient	S	1605101	2015-05-04	2099-12-31		1605101	ENG	11794205	11794205	1605101	RXNORM	IN	1605101	insulin isophane	N	4096.0
241	19016670	19016670	docosahexaenoate	Drug	RxNorm	Ingredient	S	73	2006-05-14	2099-12-31		73	ENG	12252051	12252051	73	RXNORM	IN	73	docosahexaenoate	N	4096.0
242	991382	991382	amiloride	Drug	RxNorm	Ingredient	S	644	1970-01-01	2099-12-31		644	ENG	12252674	12252674	644	RXNORM	IN	644	amiloride	N	4096.0
243	1105775	1105775	aminophylline	Drug	RxNorm	Ingredient	S	689	1970-01-01	2099-12-31		689	ENG	12253239	12253239	689	RXNORM	IN	689	aminophylline	N	4096.0
244	19011773	19011773	ascorbic acid	Drug	RxNorm	Ingredient	S	1151	1970-01-01	2099-12-31		1151	ENG	12250964	12250964	1151	RXNORM	IN	1151	ascorbic acid	N	4096.0
245	1112807	1112807	aspirin	Drug	RxNorm	Ingredient	S	1191	1970-01-01	2099-12-31		1191	ENG	12250966	12250966	1191	RXNORM	IN	1191	aspirin	N	4096.0
246	1314002	1314002	atenolol	Drug	RxNorm	Ingredient	S	1202	1970-01-01	2099-12-31		1202	ENG	12252063	12252063	1202	RXNORM	IN	1202	atenolol	N	4096.0
247	715233	715233	baclofen	Drug	RxNorm	Ingredient	S	1292	1970-01-01	2099-12-31		1292	ENG	12254393	12254393	1292	RXNORM	IN	1292	baclofen	N	4096.0
248	916460	916460	benzalkonium	Drug	RxNorm	Ingredient	S	1378	1970-01-01	2099-12-31		1378	ENG	12253250	12253250	1378	RXNORM	IN	1378	benzalkonium	N	4096.0
249	917006	917006	benzocaine	Drug	RxNorm	Ingredient	S	1399	1970-01-01	2099-12-31		1399	ENG	12252066	12252066	1399	RXNORM	IN	1399	benzocaine	N	4096.0
250	932745	932745	bumetanide	Drug	RxNorm	Ingredient	S	1808	1970-01-01	2099-12-31		1808	ENG	12253255	12253255	1808	RXNORM	IN	1808	bumetanide	N	4096.0
251	1133201	1133201	buprenorphine	Drug	RxNorm	Ingredient	S	1819	1970-01-01	2099-12-31		1819	ENG	12253256	12253256	1819	RXNORM	IN	1819	buprenorphine	N	4096.0
252	733301	733301	buspirone	Drug	RxNorm	Ingredient	S	1827	1970-01-01	2099-12-31		1827	ENG	12252073	12252073	1827	RXNORM	IN	1827	buspirone	N	4096.0
253	19018544	19018544	calcium	Drug	RxNorm	Ingredient	S	1895	1970-01-01	2099-12-31		1895	ENG	12250971	12250971	1895	RXNORM	IN	1895	calcium	N	4096.0
254	1786842	1786842	cephradine	Drug	RxNorm	Ingredient	S	2239	1970-01-01	2099-12-31		2239	ENG	12252690	12252690	2239	RXNORM	IN	2239	cephradine	N	
255	1792515	1792515	chloroquine	Drug	RxNorm	Ingredient	S	2393	1970-01-01	2099-12-31		2393	ENG	12252696	12252696	2393	RXNORM	IN	2393	chloroquine	N	4096.0
256	1192710	1192710	chlorpheniramine	Drug	RxNorm	Ingredient	S	2400	1970-01-01	2099-12-31		2400	ENG	12251551	12251551	2400	RXNORM	IN	2400	chlorpheniramine	N	4096.0
257	19095164	19095164	cholecalciferol	Drug	RxNorm	Ingredient	S	2418	1970-01-01	2099-12-31		2418	ENG	12254422	12254422	2418	RXNORM	IN	2418	cholecalciferol	N	4096.0
258	1797513	1797513	ciprofloxacin	Drug	RxNorm	Ingredient	S	2551	1970-01-01	2099-12-31		2551	ENG	12253859	12253859	2551	RXNORM	IN	2551	ciprofloxacin	N	4096.0
259	1197677	1197677	clemastine	Drug	RxNorm	Ingredient	S	2578	1970-01-01	2099-12-31		2578	ENG	12252699	12252699	2578	RXNORM	IN	2578	clemastine	N	4096.0
260	997881	997881	clindamycin	Drug	RxNorm	Ingredient	S	2582	1970-01-01	2099-12-31		2582	ENG	12253861	12253861	2582	RXNORM	IN	2582	clindamycin	N	4096.0
261	1398937	1398937	clonidine	Drug	RxNorm	Ingredient	S	2599	1970-01-01	2099-12-31		2599	ENG	12250453	12250453	2599	RXNORM	IN	2599	clonidine	N	4096.0
262	800878	800878	clozapine	Drug	RxNorm	Ingredient	S	2626	1970-01-01	2099-12-31		2626	ENG	12253272	12253272	2626	RXNORM	IN	2626	clozapine	N	4096.0
263	19010015	19010015	cyclopenthiazide	Drug	RxNorm	Ingredient	S	3000	1970-01-01	2099-12-31		3000	ENG	12253867	12253867	3000	RXNORM	IN	3000	cyclopenthiazide	N	
264	1511449	1511449	danazol	Drug	RxNorm	Ingredient	S	3102	1970-01-01	2099-12-31		3102	ENG	12250990	12250990	3102	RXNORM	IN	3102	danazol	N	4096.0
265	723013	723013	diazepam	Drug	RxNorm	Ingredient	S	3322	1970-01-01	2099-12-31		3322	ENG	12250461	12250461	3322	RXNORM	IN	3322	diazepam	N	4096.0
266	923840	923840	dibucaine	Drug	RxNorm	Ingredient	S	3339	1970-01-01	2099-12-31		3339	ENG	12254432	12254432	3339	RXNORM	IN	3339	dibucaine	N	4096.0
267	1124300	1124300	diclofenac	Drug	RxNorm	Ingredient	S	3355	1970-01-01	2099-12-31		3355	ENG	12252099	12252099	3355	RXNORM	IN	3355	diclofenac	N	4096.0
268	19026096	19026096	diflucortolone	Drug	RxNorm	Ingredient	S	3392	1970-01-01	2099-12-31		3392	ENG	12250462	12250462	3392	RXNORM	IN	3392	diflucortolone	N	
269	19037833	19037833	domperidone	Drug	RxNorm	Ingredient	S	3626	1970-01-01	2099-12-31		3626	ENG	12253881	12253881	3626	RXNORM	IN	3626	domperidone	N	
270	19037989	19037989	dothiepin	Drug	RxNorm	Ingredient	S	3634	1970-01-01	2099-12-31		3634	ENG	12253882	12253882	3634	RXNORM	IN	3634	dothiepin	N	
271	738156	738156	doxepin	Drug	RxNorm	Ingredient	S	3638	1970-01-01	2099-12-31		3638	ENG	12252711	12252711	3638	RXNORM	IN	3638	doxepin	N	4096.0
272	1738521	1738521	doxycycline	Drug	RxNorm	Ingredient	S	3640	1970-01-01	2099-12-31		3640	ENG	12250470	12250470	3640	RXNORM	IN	3640	doxycycline	N	4096.0
273	1353776	1353776	felodipine	Drug	RxNorm	Ingredient	S	4316	1970-01-01	2099-12-31		4316	ENG	12254445	12254445	4316	RXNORM	IN	4316	felodipine	N	4096.0
274	19053979	19053979	fenoterol	Drug	RxNorm	Ingredient	S	4333	1970-01-01	2099-12-31		4333	ENG	12253886	12253886	4333	RXNORM	IN	4333	fenoterol	N	
275	1354860	1354860	flecainide	Drug	RxNorm	Ingredient	S	4441	1970-01-01	2099-12-31		4441	ENG	12252724	12252724	4441	RXNORM	IN	4441	flecainide	N	4096.0
276	19055344	19055344	fluocortolone	Drug	RxNorm	Ingredient	S	4463	1970-01-01	2099-12-31		4463	ENG	12252127	12252127	4463	RXNORM	IN	4463	fluocortolone	N	
277	955632	955632	fluorouracil	Drug	RxNorm	Ingredient	S	4492	1970-01-01	2099-12-31		4492	ENG	12251008	12251008	4492	RXNORM	IN	4492	fluorouracil	N	4096.0
278	1361711	1361711	nitroglycerin	Drug	RxNorm	Ingredient	S	4917	1970-01-01	2099-12-31		4917	ENG	12254450	12254450	4917	RXNORM	IN	4917	nitroglycerin	N	4096.0
279	1763779	1763779	griseofulvin	Drug	RxNorm	Ingredient	S	5021	1970-01-01	2099-12-31		5021	ENG	12252140	12252140	5021	RXNORM	IN	5021	griseofulvin	N	4096.0
280	1376289	1376289	hydroflumethiazide	Drug	RxNorm	Ingredient	S	5495	1970-01-01	2099-12-31		5495	ENG	12251018	12251018	5495	RXNORM	IN	5495	hydroflumethiazide	N	
281	778268	778268	imipramine	Drug	RxNorm	Ingredient	S	5691	1970-01-01	2099-12-31		5691	ENG	12252737	12252737	5691	RXNORM	IN	5691	imipramine	N	4096.0
282	1178663	1178663	indomethacin	Drug	RxNorm	Ingredient	S	5781	1970-01-01	2099-12-31		5781	ENG	12252150	12252150	5781	RXNORM	IN	5781	indomethacin	N	4096.0
283	19078808	19078808	indoramin	Drug	RxNorm	Ingredient	S	5784	1970-01-01	2099-12-31		5784	ENG	12251021	12251021	5784	RXNORM	IN	5784	indoramin	N	
284	984232	984232	isotretinoin	Drug	RxNorm	Ingredient	S	6064	1970-01-01	2099-12-31		6064	ENG	12253903	12253903	6064	RXNORM	IN	6064	isotretinoin	N	4096.0
285	985708	985708	ketoconazole	Drug	RxNorm	Ingredient	S	6135	1970-01-01	2099-12-31		6135	ENG	12254464	12254464	6135	RXNORM	IN	6135	ketoconazole	N	4096.0
286	1185922	1185922	ketoprofen	Drug	RxNorm	Ingredient	S	6142	1970-01-01	2099-12-31		6142	ENG	12253315	12253315	6142	RXNORM	IN	6142	ketoprofen	N	4096.0
287	1589505	1589505	levonorgestrel	Drug	RxNorm	Ingredient	S	6373	1970-01-01	2099-12-31		6373	ENG	12253318	12253318	6373	RXNORM	IN	6373	levonorgestrel	N	4096.0
288	19124906	19124906	magnesium	Drug	RxNorm	Ingredient	S	6574	1970-01-01	2099-12-31		6574	ENG	12253909	12253909	6574	RXNORM	IN	6574	magnesium	N	4096.0
289	19093848	19093848	magnesium sulfate	Drug	RxNorm	Ingredient	S	6585	1970-01-01	2099-12-31		6585	ENG	12251597	12251597	6585	RXNORM	IN	6585	magnesium sulfate	N	4096.0
290	906780	906780	metoclopramide	Drug	RxNorm	Ingredient	S	6915	1970-01-01	2099-12-31		6915	ENG	12253332	12253332	6915	RXNORM	IN	6915	metoclopramide	N	4096.0
291	1115008	1115008	naproxen	Drug	RxNorm	Ingredient	S	7258	1970-01-01	2099-12-31		7258	ENG	12250503	12250503	7258	RXNORM	IN	7258	naproxen	N	4096.0
292	920293	920293	nitrofurantoin	Drug	RxNorm	Ingredient	S	7454	1970-01-01	2099-12-31		7454	ENG	12253926	12253926	7454	RXNORM	IN	7454	nitrofurantoin	N	4096.0
293	1521592	1521592	norgestrel	Drug	RxNorm	Ingredient	S	7518	1970-01-01	2099-12-31		7518	ENG	12253342	12253342	7518	RXNORM	IN	7518	norgestrel	N	4096.0
294	923645	923645	omeprazole	Drug	RxNorm	Ingredient	S	7646	1970-01-01	2099-12-31		7646	ENG	12254494	12254494	7646	RXNORM	IN	7646	omeprazole	N	4096.0
295	19026739	19026739	pantothenic acid	Drug	RxNorm	Ingredient	S	7891	1970-01-01	2099-12-31		7891	ENG	12252189	12252189	7891	RXNORM	IN	7891	pantothenic acid	N	4096.0
296	19129738	19129738	paraffin	Drug	RxNorm	Ingredient	S	7906	1970-01-01	2099-12-31		7906	ENG	12251055	12251055	7906	RXNORM	IN	7906	paraffin	N	4096.0
297	19033354	19033354	petrolatum	Drug	RxNorm	Ingredient	S	8091	1970-01-01	2099-12-31		8091	ENG	12252774	12252774	8091	RXNORM	IN	8091	petrolatum	N	4096.0
298	745790	745790	pimozide	Drug	RxNorm	Ingredient	S	8331	1970-01-01	2099-12-31		8331	ENG	12252197	12252197	8331	RXNORM	IN	8331	pimozide	N	4096.0
299	948582	948582	polymyxin B	Drug	RxNorm	Ingredient	S	8536	1970-01-01	2099-12-31		8536	ENG	12251633	12251633	8536	RXNORM	IN	8536	polymyxin B	N	4096.0
300	19049105	19049105	potassium chloride	Drug	RxNorm	Ingredient	S	8591	1970-01-01	2099-12-31		8591	ENG	12253943	12253943	8591	RXNORM	IN	8591	potassium chloride	N	4096.0
301	752061	752061	prochlorperazine	Drug	RxNorm	Ingredient	S	8704	1970-01-01	2099-12-31		8704	ENG	12252785	12252785	8704	RXNORM	IN	8704	prochlorperazine	N	4096.0
302	752276	752276	procyclidine	Drug	RxNorm	Ingredient	S	8718	1970-01-01	2099-12-31		8718	ENG	12250530	12250530	8718	RXNORM	IN	8718	procyclidine	N	
303	961047	961047	ranitidine	Drug	RxNorm	Ingredient	S	9143	1970-01-01	2099-12-31		9143	ENG	12251077	12251077	9143	RXNORM	IN	9143	ranitidine	N	4096.0
304	19136048	19136048	sodium	Drug	RxNorm	Ingredient	S	9853	1970-01-01	2099-12-31		9853	ENG	12251082	12251082	9853	RXNORM	IN	9853	sodium	N	4096.0
305	1036252	1036252	sulfacetamide	Drug	RxNorm	Ingredient	S	10169	1970-01-01	2099-12-31		10169	ENG	12253962	12253962	10169	RXNORM	IN	10169	sulfacetamide	N	4096.0
306	1836430	1836430	sulfamethoxazole	Drug	RxNorm	Ingredient	S	10180	1970-01-01	2099-12-31		10180	ENG	12251654	12251654	10180	RXNORM	IN	10180	sulfamethoxazole	N	4096.0
307	19137312	19137312	thiamine	Drug	RxNorm	Ingredient	S	10454	1970-01-01	2099-12-31		10454	ENG	12254528	12254528	10454	RXNORM	IN	10454	thiamine	N	4096.0
308	1103314	1103314	tramadol	Drug	RxNorm	Ingredient	S	10689	1970-01-01	2099-12-31		10689	ENG	12250558	12250558	10689	RXNORM	IN	10689	tramadol	N	4096.0
309	1704758	1704758	triclosan	Drug	RxNorm	Ingredient	S	10795	1970-01-01	2099-12-31		10795	ENG	12251667	12251667	10795	RXNORM	IN	10795	triclosan	N	4096.0
310	705755	705755	trimipramine	Drug	RxNorm	Ingredient	S	10834	1970-01-01	2099-12-31		10834	ENG	12253977	12253977	10834	RXNORM	IN	10834	trimipramine	N	4096.0
311	19008339	19008339	vitamin A	Drug	RxNorm	Ingredient	S	11246	1970-01-01	2099-12-31		11246	ENG	12252825	12252825	11246	RXNORM	IN	11246	vitamin A	N	4096.0
312	1308738	1308738	vitamin B12	Drug	RxNorm	Ingredient	S	11248	1970-01-01	2099-12-31		11248	ENG	12253385	12253385	11248	RXNORM	IN	11248	vitamin B12	N	4096.0
313	1310149	1310149	warfarin	Drug	RxNorm	Ingredient	S	11289	1970-01-01	2099-12-31		11289	ENG	12253984	12253984	11289	RXNORM	IN	11289	warfarin	N	4096.0
314	19010696	19010696	zinc	Drug	RxNorm	Ingredient	S	11416	1970-01-01	2099-12-31		11416	ENG	12251102	12251102	11416	RXNORM	IN	11416	zinc	N	4096.0
315	19029398	19029398	acemetacin	Drug	RxNorm	Ingredient	S	16695	1970-01-01	2099-12-31		16695	ENG	380720	380720	16695	RXNORM	IN	16695	acemetacin	N	
316	1332418	1332418	amlodipine	Drug	RxNorm	Ingredient	S	17767	1970-01-01	2099-12-31		17767	ENG	12253390	12253390	17767	RXNORM	IN	17767	amlodipine	N	4096.0
317	1149196	1149196	cetirizine	Drug	RxNorm	Ingredient	S	20610	1970-01-01	2099-12-31		20610	ENG	12254548	12254548	20610	RXNORM	IN	20610	cetirizine	N	4096.0
318	1750500	1750500	clarithromycin	Drug	RxNorm	Ingredient	S	21212	1970-01-01	2099-12-31		21212	ENG	12250569	12250569	21212	RXNORM	IN	21212	clarithromycin	N	4096.0
319	969276	969276	crotamiton	Drug	RxNorm	Ingredient	S	21766	1970-01-01	2099-12-31		21766	ENG	402313	402313	21766	RXNORM	IN	21766	crotamiton	N	4096.0
320	1588000	1588000	desogestrel	Drug	RxNorm	Ingredient	S	22656	1970-01-01	2099-12-31		22656	ENG	12253394	12253394	22656	RXNORM	IN	22656	desogestrel	N	4096.0
321	1195492	1195492	etodolac	Drug	RxNorm	Ingredient	S	24605	1970-01-01	2099-12-31		24605	ENG	12253395	12253395	24605	RXNORM	IN	24605	etodolac	N	4096.0
322	1196677	1196677	formoterol	Drug	RxNorm	Ingredient	S	25255	1970-01-01	2099-12-31		25255	ENG	416604	416604	25255	RXNORM	IN	25255	formoterol	N	4096.0
323	797399	797399	gabapentin	Drug	RxNorm	Ingredient	S	25480	1970-01-01	2099-12-31		25480	ENG	417389	417389	25480	RXNORM	IN	25480	gabapentin	N	4096.0
324	902251	902251	hypromellose	Drug	RxNorm	Ingredient	S	27334	1970-01-01	2099-12-31		27334	ENG	427733	427733	27334	RXNORM	IN	27334	hypromellose	N	4096.0
325	19003568	19003568	isopropyl myristate	Drug	RxNorm	Ingredient	S	27985	1970-01-01	2099-12-31		27985	ENG	430249	430249	27985	RXNORM	IN	27985	isopropyl myristate	N	4096.0
326	705103	705103	lamotrigine	Drug	RxNorm	Ingredient	S	28439	1970-01-01	2099-12-31		28439	ENG	431997	431997	28439	RXNORM	IN	28439	lamotrigine	N	4096.0
327	907553	907553	levocabastine	Drug	RxNorm	Ingredient	S	28627	1970-01-01	2099-12-31		28627	ENG	432775	432775	28627	RXNORM	IN	28627	levocabastine	N	
328	1507558	1507558	nafarelin	Drug	RxNorm	Ingredient	S	28656	1970-01-01	2099-12-31		28656	ENG	12251682	12251682	28656	RXNORM	IN	28656	nafarelin	N	4096.0
329	19007977	19007977	lormetazepam	Drug	RxNorm	Ingredient	S	28894	1970-01-01	2099-12-31		28894	ENG	433896	433896	28894	RXNORM	IN	28894	lormetazepam	N	
330	909440	909440	methyl salicylate	Drug	RxNorm	Ingredient	S	29787	1970-01-01	2099-12-31		29787	ENG	437637	437637	29787	RXNORM	IN	29787	methyl salicylate	N	4096.0
331	1113648	1113648	nabumetone	Drug	RxNorm	Ingredient	S	31448	1970-01-01	2099-12-31		31448	ENG	443210	443210	31448	RXNORM	IN	31448	nabumetone	N	4096.0
332	714684	714684	nefazodone	Drug	RxNorm	Ingredient	S	31565	1970-01-01	2099-12-31		31565	ENG	1863559	1863559	31565	RXNORM	IN	31565	nefazodone	N	4096.0
333	19014977	19014977	nicorandil	Drug	RxNorm	Ingredient	S	31748	1970-01-01	2099-12-31		31748	ENG	12251106	12251106	31748	RXNORM	IN	31748	nicorandil	N	
334	1525215	1525215	pioglitazone	Drug	RxNorm	Ingredient	S	33738	1970-01-01	2099-12-31		33738	ENG	452519	452519	33738	RXNORM	IN	33738	pioglitazone	N	4096.0
335	1525278	1525278	estropipate	Drug	RxNorm	Ingredient	S	33747	1970-01-01	2099-12-31		33747	ENG	452628	452628	33747	RXNORM	IN	33747	estropipate	N	4096.0
336	19027080	19027080	potassium bicarbonate	Drug	RxNorm	Ingredient	S	34296	1970-01-01	2099-12-31		34296	ENG	454417	454417	34296	RXNORM	IN	34296	potassium bicarbonate	N	4096.0
337	1337107	1337107	ranolazine	Drug	RxNorm	Ingredient	S	35829	2006-04-02	2099-12-31		35829	ENG	2404295	2404295	35829	RXNORM	IN	35829	ranolazine	N	4096.0
338	1137529	1137529	salmeterol	Drug	RxNorm	Ingredient	S	36117	1970-01-01	2099-12-31		36117	ENG	462008	462008	36117	RXNORM	IN	36117	salmeterol	N	4096.0
339	739363	739363	sibutramine	Drug	RxNorm	Ingredient	S	36514	1970-01-01	2099-12-31		36514	ENG	463498	463498	36514	RXNORM	IN	36514	sibutramine	N	
340	1741309	1741309	terbinafine	Drug	RxNorm	Ingredient	S	37801	1970-01-01	2099-12-31		37801	ENG	468847	468847	37801	RXNORM	IN	37801	terbinafine	N	4096.0
341	1149380	1149380	fluticasone	Drug	RxNorm	Ingredient	S	41126	1970-01-01	2099-12-31		41126	ENG	486428	486428	41126	RXNORM	IN	41126	fluticasone	N	4096.0
342	1150345	1150345	meloxicam	Drug	RxNorm	Ingredient	S	41493	1970-01-01	2099-12-31		41493	ENG	487938	487938	41493	RXNORM	IN	41493	meloxicam	N	4096.0
343	1150836	1150836	terfenadine	Drug	RxNorm	Ingredient	S	42330	1970-01-01	2099-12-31		42330	ENG	12252849	12252849	42330	RXNORM	IN	42330	terfenadine	N	
344	1551860	1551860	pravastatin	Drug	RxNorm	Ingredient	S	42463	1970-01-01	2099-12-31		42463	ENG	12252851	12252851	42463	RXNORM	IN	42463	pravastatin	N	4096.0
345	19057607	19057607	amisulpride	Drug	RxNorm	Ingredient	S	46303	1970-01-01	2099-12-31		46303	ENG	12254568	12254568	46303	RXNORM	IN	46303	amisulpride	N	4096.0
346	981709	981709	dorzolamide	Drug	RxNorm	Ingredient	S	60207	1970-01-01	2099-12-31		60207	ENG	556687	556687	60207	RXNORM	IN	60207	dorzolamide	N	4096.0
347	19001308	19001308	oxerutins	Drug	RxNorm	Ingredient	S	67187	1970-01-01	2099-12-31		67187	ENG	12254580	12254580	67187	RXNORM	IN	67187	oxerutins	N	
348	1513103	1513103	raloxifene	Drug	RxNorm	Ingredient	S	72143	1970-01-01	2099-12-31		72143	ENG	12250591	12250591	72143	RXNORM	IN	72143	raloxifene	N	4096.0
349	1315946	1315946	letrozole	Drug	RxNorm	Ingredient	S	72965	1970-01-01	2099-12-31		72965	ENG	629533	629533	72965	RXNORM	IN	72965	letrozole	N	4096.0
350	1516800	1516800	risedronate	Drug	RxNorm	Ingredient	S	73056	2006-02-26	2099-12-31		73056	ENG	12254018	12254018	73056	RXNORM	IN	73056	risedronate	N	4096.0
351	941258	941258	docusate	Drug	RxNorm	Ingredient	S	82003	1970-01-01	2099-12-31		82003	ENG	12251710	12251710	82003	RXNORM	IN	82003	docusate	N	4096.0
352	19135825	19135825	chloral betaine	Drug	RxNorm	Ingredient	S	89808	1970-01-01	2099-12-31		89808	ENG	12252271	12252271	89808	RXNORM	IN	89808	chloral betaine	N	
353	19005129	19005129	clobetasone	Drug	RxNorm	Ingredient	S	108074	1970-01-01	2099-12-31		108074	ENG	12252280	12252280	108074	RXNORM	IN	108074	clobetasone	N	
354	1116031	1116031	zolmitriptan	Drug	RxNorm	Ingredient	S	135775	1970-01-01	2099-12-31		135775	ENG	930925	930925	135775	RXNORM	IN	135775	zolmitriptan	N	4096.0
355	733523	733523	rivastigmine	Drug	RxNorm	Ingredient	S	183379	1970-01-01	2099-12-31		183379	ENG	1065105	1065105	183379	RXNORM	IN	183379	rivastigmine	N	4096.0
356	19055496	19055496	hexylnicotinate	Drug	RxNorm	Ingredient	S	235812	1970-01-01	2099-12-31		235812	ENG	12250622	12250622	235812	RXNORM	IN	235812	hexylnicotinate	N	
357	1703063	1703063	valganciclovir	Drug	RxNorm	Ingredient	S	275891	1970-01-01	2099-12-31		275891	ENG	1337264	1337264	275891	RXNORM	IN	275891	valganciclovir	N	4096.0
358	1304107	1304107	imatinib	Drug	RxNorm	Ingredient	S	282388	1970-01-01	2099-12-31		282388	ENG	1350146	1350146	282388	RXNORM	IN	282388	imatinib	N	4096.0
359	904525	904525	bimatoprost	Drug	RxNorm	Ingredient	S	283810	1970-01-01	2099-12-31		283810	ENG	1355537	1355537	283810	RXNORM	IN	283810	bimatoprost	N	4096.0
360	19011355	19011355	etoricoxib	Drug	RxNorm	Ingredient	S	307296	1970-01-01	2099-12-31		307296	ENG	1396074	1396074	307296	RXNORM	IN	307296	etoricoxib	N	
361	916005	916005	solifenacin	Drug	RxNorm	Ingredient	S	322167	1970-01-01	2099-12-31		322167	ENG	12253499	12253499	322167	RXNORM	IN	322167	solifenacin	N	4096.0
362	916662	916662	dimethicone	Drug	RxNorm	Ingredient	S	324072	1970-01-01	2099-12-31		324072	ENG	2595301	2595301	324072	RXNORM	IN	324072	dimethicone	N	4096.0
363	1526475	1526475	ezetimibe	Drug	RxNorm	Ingredient	S	341248	1970-01-01	2099-12-31		341248	ENG	1935675	1935675	341248	RXNORM	IN	341248	ezetimibe	N	4096.0
364	19086910	19086910	tiaprofenate	Drug	RxNorm	Ingredient	S	618442	2006-05-14	2099-12-31		618442	ENG	12252935	12252935	618442	RXNORM	IN	618442	tiaprofenate	N	
365	40234201	40234201	butylscopolamine	Drug	RxNorm	Ingredient	S	1085787	2011-02-06	2099-12-31		1085787	ENG	3607095	3607095	1085787	RXNORM	IN	1085787	butylscopolamine	N	4096.0
366	40239330	40239330	telaprevir	Drug	RxNorm	Ingredient	S	1102261	2011-06-05	2099-12-31		1102261	ENG	3644448	3644448	1102261	RXNORM	IN	1102261	telaprevir	N	
367	40242675	40242675	crizotinib	Drug	RxNorm	Ingredient	S	1148495	2011-10-02	2099-12-31		1148495	ENG	3806021	3806021	1148495	RXNORM	IN	1148495	crizotinib	N	4096.0
368	43532069	43532069	polawax polysorbate	Drug	RxNorm	Ingredient	S	1425089	2013-07-01	2099-12-31		1425089	ENG	12254264	12254264	1425089	RXNORM	IN	1425089	polawax polysorbate	N	4096.0
369	46234461	46234461	benzyl cinnamate	Drug	RxNorm	Ingredient	S	1649557	2015-07-06	2099-12-31		1649557	ENG	7238436	7238436	1649557	RXNORM	IN	1649557	benzyl cinnamate	N	
370	1436650	1436650	mercaptopurine	Drug	RxNorm	Ingredient	S	103	1970-01-01	2099-12-31		103	ENG	3500909	3500909	103	RXNORM	IN	103	mercaptopurine	N	4096.0
371	1713332	1713332	amoxicillin	Drug	RxNorm	Ingredient	S	723	1970-01-01	2099-12-31		723	ENG	12252059	12252059	723	RXNORM	IN	723	amoxicillin	N	4096.0
372	1115572	1115572	beclomethasone	Drug	RxNorm	Ingredient	S	1347	1970-01-01	2099-12-31		1347	ENG	12254394	12254394	1347	RXNORM	IN	1347	beclomethasone	N	4096.0
373	19016435	19016435	benorilate	Drug	RxNorm	Ingredient	S	1372	1970-01-01	2099-12-31		1372	ENG	44024	44024	1372	RXNORM	IN	1372	benorilate	N	
374	920458	920458	betamethasone	Drug	RxNorm	Ingredient	S	1514	1970-01-01	2099-12-31		1514	ENG	12250432	12250432	1514	RXNORM	IN	1514	betamethasone	N	4096.0
375	19024770	19024770	biotin	Drug	RxNorm	Ingredient	S	1588	1970-01-01	2099-12-31		1588	ENG	12253849	12253849	1588	RXNORM	IN	1588	biotin	N	4096.0
376	1130863	1130863	brompheniramine	Drug	RxNorm	Ingredient	S	1767	1970-01-01	2099-12-31		1767	ENG	12253850	12253850	1767	RXNORM	IN	1767	brompheniramine	N	4096.0
377	19037038	19037038	calcium gluconate	Drug	RxNorm	Ingredient	S	1908	1970-01-01	2099-12-31		1908	ENG	12253852	12253852	1908	RXNORM	IN	1908	calcium gluconate	N	4096.0
378	19040606	19040606	carbimazole	Drug	RxNorm	Ingredient	S	2020	1970-01-01	2099-12-31		2020	ENG	12254410	12254410	2020	RXNORM	IN	2020	carbimazole	N	4096.0
379	1786621	1786621	cephalexin	Drug	RxNorm	Ingredient	S	2231	1970-01-01	2099-12-31		2231	ENG	12250445	12250445	2231	RXNORM	IN	2231	cephalexin	N	4096.0
380	990069	990069	chloramphenicol	Drug	RxNorm	Ingredient	S	2348	1970-01-01	2099-12-31		2348	ENG	12252079	12252079	2348	RXNORM	IN	2348	chloramphenicol	N	4096.0
381	1790812	1790812	chlorhexidine	Drug	RxNorm	Ingredient	S	2358	1970-01-01	2099-12-31		2358	ENG	12250446	12250446	2358	RXNORM	IN	2358	chlorhexidine	N	4096.0
382	19061821	19061821	chromium	Drug	RxNorm	Ingredient	S	2496	1970-01-01	2099-12-31		2496	ENG	12252697	12252697	2496	RXNORM	IN	2496	chromium	N	
383	19008867	19008867	cromoglycate	Drug	RxNorm	Ingredient	S	2921	1970-01-01	2099-12-31		2921	ENG	12252702	12252702	2921	RXNORM	IN	2921	cromoglycate	N	
384	19010482	19010482	cyclosporine	Drug	RxNorm	Ingredient	S	3008	1970-01-01	2099-12-31		3008	ENG	12253868	12253868	3008	RXNORM	IN	3008	cyclosporine	N	4096.0
385	19010955	19010955	cysteine	Drug	RxNorm	Ingredient	S	3024	1970-01-01	2099-12-31		3024	ENG	12254428	12254428	3024	RXNORM	IN	3024	cysteine	N	4096.0
386	917336	917336	desoximetasone	Drug	RxNorm	Ingredient	S	3255	1970-01-01	2099-12-31		3255	ENG	12252094	12252094	3255	RXNORM	IN	3255	desoximetasone	N	4096.0
387	1518254	1518254	dexamethasone	Drug	RxNorm	Ingredient	S	3264	1970-01-01	2099-12-31		3264	ENG	12252095	12252095	3264	RXNORM	IN	3264	dexamethasone	N	4096.0
388	924724	924724	dicyclomine	Drug	RxNorm	Ingredient	S	3361	1970-01-01	2099-12-31		3361	ENG	12253874	12253874	3361	RXNORM	IN	3361	dicyclomine	N	4096.0
389	1126128	1126128	diflunisal	Drug	RxNorm	Ingredient	S	3393	1970-01-01	2099-12-31		3393	ENG	12252102	12252102	3393	RXNORM	IN	3393	diflunisal	N	4096.0
390	1328165	1328165	diltiazem	Drug	RxNorm	Ingredient	S	3443	1970-01-01	2099-12-31		3443	ENG	12252707	12252707	3443	RXNORM	IN	3443	diltiazem	N	4096.0
391	1343916	1343916	epinephrine	Drug	RxNorm	Ingredient	S	3992	1970-01-01	2099-12-31		3992	ENG	12254439	12254439	3992	RXNORM	IN	3992	epinephrine	N	4096.0
392	1145379	1145379	ergotamine	Drug	RxNorm	Ingredient	S	4025	1970-01-01	2099-12-31		4025	ENG	12252113	12252113	4025	RXNORM	IN	4025	ergotamine	N	4096.0
393	1746940	1746940	erythromycin	Drug	RxNorm	Ingredient	S	4053	1970-01-01	2099-12-31		4053	ENG	12251001	12251001	4053	RXNORM	IN	4053	erythromycin	N	4096.0
394	19049038	19049038	estriol	Drug	RxNorm	Ingredient	S	4094	1970-01-01	2099-12-31		4094	ENG	12252114	12252114	4094	RXNORM	IN	4094	estriol	N	4096.0
395	1549786	1549786	ethinyl estradiol	Drug	RxNorm	Ingredient	S	4124	1970-01-01	2099-12-31		4124	ENG	12251005	12251005	4124	RXNORM	IN	4124	ethinyl estradiol	N	4096.0
396	757627	757627	galantamine	Drug	RxNorm	Ingredient	S	4637	1970-01-01	2099-12-31		4637	ENG	12254448	12254448	4637	RXNORM	IN	4637	galantamine	N	4096.0
397	1559684	1559684	glyburide	Drug	RxNorm	Ingredient	S	4815	1970-01-01	2099-12-31		4815	ENG	12253305	12253305	4815	RXNORM	IN	4815	glyburide	N	4096.0
398	975125	975125	hydrocortisone	Drug	RxNorm	Ingredient	S	5492	1970-01-01	2099-12-31		5492	ENG	12251586	12251586	5492	RXNORM	IN	5492	hydrocortisone	N	4096.0
399	777221	777221	hydroxyzine	Drug	RxNorm	Ingredient	S	5553	1970-01-01	2099-12-31		5553	ENG	12253309	12253309	5553	RXNORM	IN	5553	hydroxyzine	N	4096.0
400	1780601	1780601	iodine	Drug	RxNorm	Ingredient	S	5933	1970-01-01	2099-12-31		5933	ENG	12251591	12251591	5933	RXNORM	IN	5933	iodine	N	4096.0
401	980867	980867	clioquinol	Drug	RxNorm	Ingredient	S	5942	1970-01-01	2099-12-31		5942	ENG	12251023	12251023	5942	RXNORM	IN	5942	clioquinol	N	4096.0
402	789578	789578	levodopa	Drug	RxNorm	Ingredient	S	6375	1970-01-01	2099-12-31		6375	ENG	12253905	12253905	6375	RXNORM	IN	6375	levodopa	N	4096.0
403	989878	989878	lidocaine	Drug	RxNorm	Ingredient	S	6387	1970-01-01	2099-12-31		6387	ENG	12253319	12253319	6387	RXNORM	IN	6387	lidocaine	N	4096.0
404	990760	990760	lipase	Drug	RxNorm	Ingredient	S	6406	1970-01-01	2099-12-31		6406	ENG	12250491	12250491	6406	RXNORM	IN	6406	lipase	N	4096.0
405	19092353	19092353	lymecycline	Drug	RxNorm	Ingredient	S	6513	1970-01-01	2099-12-31		6513	ENG	12254468	12254468	6513	RXNORM	IN	6513	lymecycline	N	
406	993979	993979	malathion	Drug	RxNorm	Ingredient	S	6606	1970-01-01	2099-12-31		6606	ENG	12250494	12250494	6606	RXNORM	IN	6606	malathion	N	4096.0
407	1794280	1794280	mebendazole	Drug	RxNorm	Ingredient	S	6672	1970-01-01	2099-12-31		6672	ENG	12254469	12254469	6672	RXNORM	IN	6672	mebendazole	N	4096.0
408	1500211	1500211	medroxyprogesterone	Drug	RxNorm	Ingredient	S	6691	1970-01-01	2099-12-31		6691	ENG	12250496	12250496	6691	RXNORM	IN	6691	medroxyprogesterone	N	4096.0
409	901656	901656	menthol	Drug	RxNorm	Ingredient	S	6750	1970-01-01	2099-12-31		6750	ENG	12251600	12251600	6750	RXNORM	IN	6750	menthol	N	4096.0
410	1503297	1503297	metformin	Drug	RxNorm	Ingredient	S	6809	1970-01-01	2099-12-31		6809	ENG	12251601	12251601	6809	RXNORM	IN	6809	metformin	N	4096.0
411	704943	704943	methocarbamol	Drug	RxNorm	Ingredient	S	6845	1970-01-01	2099-12-31		6845	ENG	12252174	12252174	6845	RXNORM	IN	6845	methocarbamol	N	4096.0
412	705944	705944	methylphenidate	Drug	RxNorm	Ingredient	S	6901	1970-01-01	2099-12-31		6901	ENG	12252754	12252754	6901	RXNORM	IN	6901	methylphenidate	N	4096.0
413	908523	908523	mineral oil	Drug	RxNorm	Ingredient	S	6972	1970-01-01	2099-12-31		6972	ENG	12253920	12253920	6972	RXNORM	IN	6972	mineral oil	N	4096.0
414	1114220	1114220	naloxone	Drug	RxNorm	Ingredient	S	7242	1970-01-01	2099-12-31		7242	ENG	12252758	12252758	7242	RXNORM	IN	7242	naloxone	N	4096.0
415	19018419	19018419	niacinamide	Drug	RxNorm	Ingredient	S	7405	1970-01-01	2099-12-31		7405	ENG	12252760	12252760	7405	RXNORM	IN	7405	niacinamide	N	4096.0
416	19020021	19020021	nitrazepam	Drug	RxNorm	Ingredient	S	7440	1970-01-01	2099-12-31		7440	ENG	12252184	12252184	7440	RXNORM	IN	7440	nitrazepam	N	
417	1521369	1521369	norethindrone	Drug	RxNorm	Ingredient	S	7514	1970-01-01	2099-12-31		7514	ENG	12253340	12253340	7514	RXNORM	IN	7514	norethindrone	N	4096.0
418	923081	923081	ofloxacin	Drug	RxNorm	Ingredient	S	7623	1970-01-01	2099-12-31		7623	ENG	12251053	12251053	7623	RXNORM	IN	7623	ofloxacin	N	4096.0
419	925952	925952	oxytetracycline	Drug	RxNorm	Ingredient	S	7821	1970-01-01	2099-12-31		7821	ENG	12254498	12254498	7821	RXNORM	IN	7821	oxytetracycline	N	4096.0
420	19028050	19028050	penicillamine	Drug	RxNorm	Ingredient	S	7975	1970-01-01	2099-12-31		7975	ENG	12250512	12250512	7975	RXNORM	IN	7975	penicillamine	N	4096.0
421	1130585	1130585	pentazocine	Drug	RxNorm	Ingredient	S	8001	1970-01-01	2099-12-31		8001	ENG	12251057	12251057	8001	RXNORM	IN	8001	pentazocine	N	4096.0
422	931973	931973	protease	Drug	RxNorm	Ingredient	S	8031	1970-01-01	2099-12-31		8031	ENG	12253937	12253937	8031	RXNORM	IN	8031	protease	N	4096.0
423	734275	734275	phenobarbital	Drug	RxNorm	Ingredient	S	8134	1970-01-01	2099-12-31		8134	ENG	12254503	12254503	8134	RXNORM	IN	8134	phenobarbital	N	4096.0
424	740910	740910	phenytoin	Drug	RxNorm	Ingredient	S	8183	1970-01-01	2099-12-31		8183	ENG	12252194	12252194	8183	RXNORM	IN	8183	phenytoin	N	4096.0
425	945913	945913	pine tar	Drug	RxNorm	Ingredient	S	8333	1970-01-01	2099-12-31		8333	ENG	12250521	12250521	8333	RXNORM	IN	8333	pine tar	N	4096.0
426	19046291	19046291	piperazine	Drug	RxNorm	Ingredient	S	8340	1970-01-01	2099-12-31		8340	ENG	267818	267818	8340	RXNORM	IN	8340	piperazine	N	4096.0
427	947651	947651	podophyllin	Drug	RxNorm	Ingredient	S	8462	1970-01-01	2099-12-31		8462	ENG	2180547	2180547	8462	RXNORM	IN	8462	podophyllin	N	4096.0
428	1350489	1350489	prazosin	Drug	RxNorm	Ingredient	S	8629	1970-01-01	2099-12-31		8629	ENG	12251636	12251636	8629	RXNORM	IN	8629	prazosin	N	4096.0
429	1153013	1153013	promethazine	Drug	RxNorm	Ingredient	S	8745	1970-01-01	2099-12-31		8745	ENG	12253948	12253948	8745	RXNORM	IN	8745	promethazine	N	4096.0
430	1353766	1353766	propranolol	Drug	RxNorm	Ingredient	S	8787	1970-01-01	2099-12-31		8787	ENG	12252207	12252207	8787	RXNORM	IN	8787	propranolol	N	4096.0
431	19060400	19060400	quinacrine	Drug	RxNorm	Ingredient	S	9061	1970-01-01	2099-12-31		9061	ENG	12253362	12253362	9061	RXNORM	IN	9061	quinacrine	N	
432	1760616	1760616	quinine	Drug	RxNorm	Ingredient	S	9071	1970-01-01	2099-12-31		9071	ENG	12252790	12252790	9071	RXNORM	IN	9071	quinine	N	4096.0
433	1436678	1436678	tamoxifen	Drug	RxNorm	Ingredient	S	10324	1970-01-01	2099-12-31		10324	ENG	12251088	12251088	10324	RXNORM	IN	10324	tamoxifen	N	4096.0
434	1036690	1036690	tannic acid	Drug	RxNorm	Ingredient	S	10328	1970-01-01	2099-12-31		10328	ENG	12253374	12253374	10328	RXNORM	IN	10328	tannic acid	N	4096.0
435	1236744	1236744	terbutaline	Drug	RxNorm	Ingredient	S	10368	1970-01-01	2099-12-31		10368	ENG	12253966	12253966	10368	RXNORM	IN	10368	terbutaline	N	4096.0
436	902427	902427	timolol	Drug	RxNorm	Ingredient	S	10600	1970-01-01	2099-12-31		10600	ENG	12253970	12253970	10600	RXNORM	IN	10600	timolol	N	4096.0
437	704984	704984	trifluoperazine	Drug	RxNorm	Ingredient	S	10800	1970-01-01	2099-12-31		10800	ENG	12252815	12252815	10800	RXNORM	IN	10800	trifluoperazine	N	4096.0
438	1307863	1307863	verapamil	Drug	RxNorm	Ingredient	S	11170	1970-01-01	2099-12-31		11170	ENG	12253982	12253982	11170	RXNORM	IN	11170	verapamil	N	4096.0
439	19010493	19010493	xipamide	Drug	RxNorm	Ingredient	S	11371	1970-01-01	2099-12-31		11371	ENG	12254545	12254545	11371	RXNORM	IN	11371	xipamide	N	
440	19030751	19030751	alverine	Drug	RxNorm	Ingredient	S	17627	1970-01-01	2099-12-31		17627	ENG	384683	384683	17627	RXNORM	IN	17627	alverine	N	
441	19018634	19018634	bisabolol	Drug	RxNorm	Ingredient	S	19461	1970-01-01	2099-12-31		19461	ENG	391458	391458	19461	RXNORM	IN	19461	bisabolol	N	4096.0
442	937725	937725	bismuth subgallate	Drug	RxNorm	Ingredient	S	19476	1970-01-01	2099-12-31		19476	ENG	391517	391517	19476	RXNORM	IN	19476	bismuth subgallate	N	4096.0
443	939259	939259	budesonide	Drug	RxNorm	Ingredient	S	19831	1970-01-01	2099-12-31		19831	ENG	12251674	12251674	19831	RXNORM	IN	19831	budesonide	N	4096.0
444	1595461	1595461	ethynodiol	Drug	RxNorm	Ingredient	S	24591	1970-01-01	2099-12-31		24591	ENG	413755	413755	24591	RXNORM	IN	24591	ethynodiol	N	4096.0
445	1595799	1595799	ferrous fumarate	Drug	RxNorm	Ingredient	S	24941	1970-01-01	2099-12-31		24941	ENG	12253396	12253396	24941	RXNORM	IN	24941	ferrous fumarate	N	4096.0
446	1396131	1396131	ferrous sulfate	Drug	RxNorm	Ingredient	S	24947	1970-01-01	2099-12-31		24947	ENG	415276	415276	24947	RXNORM	IN	24947	ferrous sulfate	N	4096.0
447	19097684	19097684	gestodene	Drug	RxNorm	Ingredient	S	25734	1970-01-01	2099-12-31		25734	ENG	12251679	12251679	25734	RXNORM	IN	25734	gestodene	N	
448	908921	908921	calcipotriene	Drug	RxNorm	Ingredient	S	29365	1970-01-01	2099-12-31		29365	ENG	435738	435738	29365	RXNORM	IN	29365	calcipotriene	N	4096.0
449	913440	913440	nabilone	Drug	RxNorm	Ingredient	S	31447	1970-01-01	2099-12-31		31447	ENG	443190	443190	31447	RXNORM	IN	31447	nabilone	N	4096.0
450	1322184	1322184	clopidogrel	Drug	RxNorm	Ingredient	S	32968	1970-01-01	2099-12-31		32968	ENG	449515	449515	32968	RXNORM	IN	32968	clopidogrel	N	4096.0
451	19086712	19086712	peppermint oil	Drug	RxNorm	Ingredient	S	33094	1970-01-01	2099-12-31		33094	ENG	12252834	12252834	33094	RXNORM	IN	33094	peppermint oil	N	4096.0
452	922976	922976	Peruvian balsam	Drug	RxNorm	Ingredient	S	33219	1970-01-01	2099-12-31		33219	ENG	450435	450435	33219	RXNORM	IN	33219	Peruvian balsam	N	4096.0
453	932196	932196	cisapride	Drug	RxNorm	Ingredient	S	35255	1970-01-01	2099-12-31		35255	ENG	12252840	12252840	35255	RXNORM	IN	35255	cisapride	N	4096.0
454	1334456	1334456	ramipril	Drug	RxNorm	Ingredient	S	35296	1970-01-01	2099-12-31		35296	ENG	12253400	12253400	35296	RXNORM	IN	35296	ramipril	N	4096.0
455	739138	739138	sertraline	Drug	RxNorm	Ingredient	S	36437	1970-01-01	2099-12-31		36437	ENG	12253995	12253995	36437	RXNORM	IN	36437	sertraline	N	4096.0
456	940541	940541	sulfabenzamide	Drug	RxNorm	Ingredient	S	37320	1970-01-01	2099-12-31		37320	ENG	467070	467070	37320	RXNORM	IN	37320	sulfabenzamide	N	
457	942028	942028	tioconazole	Drug	RxNorm	Ingredient	S	38298	1970-01-01	2099-12-31		38298	ENG	470855	470855	38298	RXNORM	IN	38298	tioconazole	N	4096.0
458	742267	742267	topiramate	Drug	RxNorm	Ingredient	S	38404	1970-01-01	2099-12-31		38404	ENG	471277	471277	38404	RXNORM	IN	38404	topiramate	N	4096.0
459	743670	743670	venlafaxine	Drug	RxNorm	Ingredient	S	39786	1970-01-01	2099-12-31		39786	ENG	476775	476775	39786	RXNORM	IN	39786	venlafaxine	N	4096.0
460	744740	744740	zolpidem	Drug	RxNorm	Ingredient	S	39993	1970-01-01	2099-12-31		39993	ENG	477579	477579	39993	RXNORM	IN	39993	zolpidem	N	4096.0
461	745466	745466	valproate	Drug	RxNorm	Ingredient	S	40254	1970-01-01	2099-12-31		40254	ENG	12251111	12251111	40254	RXNORM	IN	40254	valproate	N	4096.0
462	950637	950637	tacrolimus	Drug	RxNorm	Ingredient	S	42316	1970-01-01	2099-12-31		42316	ENG	12252847	12252847	42316	RXNORM	IN	42316	tacrolimus	N	4096.0
463	950696	950696	nizatidine	Drug	RxNorm	Ingredient	S	42319	1970-01-01	2099-12-31		42319	ENG	12252250	12252250	42319	RXNORM	IN	42319	nizatidine	N	4096.0
464	751246	751246	lithium carbonate	Drug	RxNorm	Ingredient	S	42351	1970-01-01	2099-12-31		42351	ENG	12253405	12253405	42351	RXNORM	IN	42351	lithium carbonate	N	4096.0
465	958134	958134	bismuth subcitrate	Drug	RxNorm	Ingredient	S	47181	1970-01-01	2099-12-31		47181	ENG	2750617	2750617	47181	RXNORM	IN	47181	bismuth subcitrate	N	4096.0
466	19058896	19058896	calcium lactate	Drug	RxNorm	Ingredient	S	47622	1970-01-01	2099-12-31		47622	ENG	510479	510479	47622	RXNORM	IN	47622	calcium lactate	N	4096.0
467	1759842	1759842	clavulanate	Drug	RxNorm	Ingredient	S	48203	1970-01-01	2099-12-31		48203	ENG	12250582	12250582	48203	RXNORM	IN	48203	clavulanate	N	4096.0
468	1366310	1366310	goserelin	Drug	RxNorm	Ingredient	S	50610	1970-01-01	2099-12-31		50610	ENG	12252854	12252854	50610	RXNORM	IN	50610	goserelin	N	4096.0
469	967496	967496	lodoxamide	Drug	RxNorm	Ingredient	S	52151	1970-01-01	2099-12-31		52151	ENG	12254007	12254007	52151	RXNORM	IN	52151	lodoxamide	N	4096.0
470	968426	968426	mesalamine	Drug	RxNorm	Ingredient	S	52582	1970-01-01	2099-12-31		52582	ENG	2355712	2355712	52582	RXNORM	IN	52582	mesalamine	N	4096.0
471	1373225	1373225	perindopril	Drug	RxNorm	Ingredient	S	54552	1970-01-01	2099-12-31		54552	ENG	12252261	12252261	54552	RXNORM	IN	54552	perindopril	N	4096.0
472	19076714	19076714	dibasic potassium phosphate	Drug	RxNorm	Ingredient	S	55018	1970-01-01	2099-12-31		55018	ENG	12253410	12253410	55018	RXNORM	IN	55018	dibasic potassium phosphate	N	4096.0
473	1301025	1301025	enoxaparin	Drug	RxNorm	Ingredient	S	67108	1970-01-01	2099-12-31		67108	ENG	12250589	12250589	67108	RXNORM	IN	67108	enoxaparin	N	4096.0
474	1742253	1742253	levofloxacin	Drug	RxNorm	Ingredient	S	82122	1970-01-01	2099-12-31		82122	ENG	12251711	12251711	82122	RXNORM	IN	82122	levofloxacin	N	4096.0
475	1360067	1360067	iron	Drug	RxNorm	Ingredient	S	90176	1970-01-01	2099-12-31		90176	ENG	12251718	12251718	90176	RXNORM	IN	90176	iron	N	4096.0
476	19010400	19010400	fusidate	Drug	RxNorm	Ingredient	S	113608	2006-05-14	2099-12-31		113608	ENG	12252281	12252281	113608	RXNORM	IN	113608	fusidate	N	
477	711584	711584	levetiracetam	Drug	RxNorm	Ingredient	S	114477	1970-01-01	2099-12-31		114477	ENG	12251725	12251725	114477	RXNORM	IN	114477	levetiracetam	N	4096.0
478	911735	911735	rabeprazole	Drug	RxNorm	Ingredient	S	114979	1970-01-01	2099-12-31		114979	ENG	828915	828915	114979	RXNORM	IN	114979	rabeprazole	N	4096.0
479	715997	715997	donepezil	Drug	RxNorm	Ingredient	S	135447	1970-01-01	2099-12-31		135447	ENG	930125	930125	135447	RXNORM	IN	135447	donepezil	N	4096.0
480	1118084	1118084	celecoxib	Drug	RxNorm	Ingredient	S	140587	1970-01-01	2099-12-31		140587	ENG	940883	940883	140587	RXNORM	IN	140587	celecoxib	N	4096.0
481	19011904	19011904	potassium aminobenzoate	Drug	RxNorm	Ingredient	S	142141	1970-01-01	2099-12-31		142141	ENG	12252872	12252872	142141	RXNORM	IN	142141	potassium aminobenzoate	N	
482	19024636	19024636	poloxamer 188	Drug	RxNorm	Ingredient	S	155152	1970-01-01	2099-12-31		155152	ENG	12251143	12251143	155152	RXNORM	IN	155152	poloxamer 188	N	4096.0
483	19029278	19029278	diethylamine salicylate	Drug	RxNorm	Ingredient	S	162592	1970-01-01	2099-12-31		162592	ENG	1025168	1025168	162592	RXNORM	IN	162592	diethylamine salicylate	N	
484	1337620	1337620	capecitabine	Drug	RxNorm	Ingredient	S	194000	1970-01-01	2099-12-31		194000	ENG	1085227	1085227	194000	RXNORM	IN	194000	capecitabine	N	4096.0
485	1738135	1738135	efavirenz	Drug	RxNorm	Ingredient	S	195085	1970-01-01	2099-12-31		195085	ENG	1087281	1087281	195085	RXNORM	IN	195085	efavirenz	N	4096.0
486	19055217	19055217	carbomer	Drug	RxNorm	Ingredient	S	235535	1970-01-01	2099-12-31		235535	ENG	12251736	12251736	235535	RXNORM	IN	235535	carbomer	N	
487	991825	991825	trospium	Drug	RxNorm	Ingredient	S	236778	1970-01-01	2099-12-31		236778	ENG	12254605	12254605	236778	RXNORM	IN	236778	trospium	N	4096.0
488	19056872	19056872	thurfyl salicylate	Drug	RxNorm	Ingredient	S	237144	1970-01-01	2099-12-31		237144	ENG	12251166	12251166	237144	RXNORM	IN	237144	thurfyl salicylate	N	
489	1398399	1398399	exemestane	Drug	RxNorm	Ingredient	S	258494	1970-01-01	2099-12-31		258494	ENG	1302847	1302847	258494	RXNORM	IN	258494	exemestane	N	4096.0
490	19100761	19100761	felbinac	Drug	RxNorm	Ingredient	S	262307	1970-01-01	2099-12-31		262307	ENG	12251754	12251754	262307	RXNORM	IN	262307	felbinac	N	
491	19016537	19016537	Frangula preparation	Drug	RxNorm	Ingredient	S	324039	1970-01-01	2099-12-31		324039	ENG	1496603	1496603	324039	RXNORM	IN	324039	Frangula preparation	N	
492	1317967	1317967	aliskiren	Drug	RxNorm	Ingredient	S	325646	2007-04-01	2099-12-31		325646	ENG	2629858	2629858	325646	RXNORM	IN	325646	aliskiren	N	4096.0
493	43012316	43012316	dimethicone 350	Drug	RxNorm	Ingredient	S	1363569	2013-01-07	2099-12-31		1363569	ENG	12253070	12253070	1363569	RXNORM	IN	1363569	dimethicone 350	N	4096.0
494	43531973	43531973	lanolin alcohols	Drug	RxNorm	Ingredient	S	1426478	2013-07-01	2099-12-31		1426478	ENG	12252555	12252555	1426478	RXNORM	IN	1426478	lanolin alcohols	N	4096.0
495	45892419	45892419	gentamicin	Drug	RxNorm	Ingredient	S	1596450	2015-03-02	2099-12-31		1596450	ENG	12252623	12252623	1596450	RXNORM	IN	1596450	gentamicin	N	4096.0
496	1125315	1125315	acetaminophen	Drug	RxNorm	Ingredient	S	161	1970-01-01	2099-12-31		161	ENG	12250420	12250420	161	RXNORM	IN	161	acetaminophen	N	4096.0
497	1703687	1703687	acyclovir	Drug	RxNorm	Ingredient	S	281	1970-01-01	2099-12-31		281	ENG	12250422	12250422	281	RXNORM	IN	281	acyclovir	N	4096.0
498	966376	966376	allantoin	Drug	RxNorm	Ingredient	S	508	1970-01-01	2099-12-31		508	ENG	12254383	12254383	508	RXNORM	IN	508	allantoin	N	4096.0
499	1167322	1167322	allopurinol	Drug	RxNorm	Ingredient	S	519	1970-01-01	2099-12-31		519	ENG	12253237	12253237	519	RXNORM	IN	519	allopurinol	N	4096.0
500	1381504	1381504	alprostadil	Drug	RxNorm	Ingredient	S	598	1970-01-01	2099-12-31		598	ENG	12251531	12251531	598	RXNORM	IN	598	alprostadil	N	4096.0
501	1717327	1717327	ampicillin	Drug	RxNorm	Ingredient	S	733	1970-01-01	2099-12-31		733	ENG	12254387	12254387	733	RXNORM	IN	733	ampicillin	N	4096.0
502	19136654	19136654	apazone	Drug	RxNorm	Ingredient	S	1029	1970-01-01	2099-12-31		1029	ENG	12251537	12251537	1029	RXNORM	IN	1029	apazone	N	
503	914335	914335	atropine	Drug	RxNorm	Ingredient	S	1223	1970-01-01	2099-12-31		1223	ENG	12250430	12250430	1223	RXNORM	IN	1223	atropine	N	4096.0
504	19014878	19014878	azathioprine	Drug	RxNorm	Ingredient	S	1256	1970-01-01	2099-12-31		1256	ENG	12253846	12253846	1256	RXNORM	IN	1256	azathioprine	N	4096.0
505	919681	919681	benzyl alcohol	Drug	RxNorm	Ingredient	S	1426	1970-01-01	2099-12-31		1426	ENG	12252682	12252682	1426	RXNORM	IN	1426	benzyl alcohol	N	4096.0
506	1322081	1322081	betaxolol	Drug	RxNorm	Ingredient	S	1520	1970-01-01	2099-12-31		1520	ENG	12250968	12250968	1520	RXNORM	IN	1520	betaxolol	N	4096.0
507	730548	730548	bromocriptine	Drug	RxNorm	Ingredient	S	1760	1970-01-01	2099-12-31		1760	ENG	12252072	12252072	1760	RXNORM	IN	1760	bromocriptine	N	4096.0
508	19041843	19041843	carbocysteine	Drug	RxNorm	Ingredient	S	2023	1970-01-01	2099-12-31		2023	ENG	12253262	12253262	2023	RXNORM	IN	2023	carbocysteine	N	4096.0
509	19092412	19092412	chlorobutanol	Drug	RxNorm	Ingredient	S	2378	1970-01-01	2099-12-31		2378	ENG	12250979	12250979	2378	RXNORM	IN	2378	chlorobutanol	N	4096.0
510	794852	794852	chlorpromazine	Drug	RxNorm	Ingredient	S	2403	1970-01-01	2099-12-31		2403	ENG	12251552	12251552	2403	RXNORM	IN	2403	chlorpromazine	N	4096.0
511	1395058	1395058	chlorthalidone	Drug	RxNorm	Ingredient	S	2409	1970-01-01	2099-12-31		2409	ENG	12251554	12251554	2409	RXNORM	IN	2409	chlorthalidone	N	4096.0
512	19095309	19095309	cholestyramine resin	Drug	RxNorm	Ingredient	S	2447	1970-01-01	2099-12-31		2447	ENG	12254423	12254423	2447	RXNORM	IN	2447	cholestyramine resin	N	4096.0
513	797617	797617	citalopram	Drug	RxNorm	Ingredient	S	2556	1970-01-01	2099-12-31		2556	ENG	12253270	12253270	2556	RXNORM	IN	2556	citalopram	N	4096.0
514	1000632	1000632	clotrimazole	Drug	RxNorm	Ingredient	S	2623	1970-01-01	2099-12-31		2623	ENG	12253862	12253862	2623	RXNORM	IN	2623	clotrimazole	N	4096.0
515	1201620	1201620	codeine	Drug	RxNorm	Ingredient	S	2670	1970-01-01	2099-12-31		2670	ENG	12251557	12251557	2670	RXNORM	IN	2670	codeine	N	4096.0
516	1101554	1101554	colchicine	Drug	RxNorm	Ingredient	S	2683	1970-01-01	2099-12-31		2683	ENG	12253274	12253274	2683	RXNORM	IN	2683	colchicine	N	4096.0
517	925102	925102	dienestrol	Drug	RxNorm	Ingredient	S	3368	1970-01-01	2099-12-31		3368	ENG	12253875	12253875	3368	RXNORM	IN	3368	dienestrol	N	4096.0
518	1331270	1331270	dipyridamole	Drug	RxNorm	Ingredient	S	3521	1970-01-01	2099-12-31		3521	ENG	12252709	12252709	3521	RXNORM	IN	3521	dipyridamole	N	4096.0
519	940864	940864	econazole	Drug	RxNorm	Ingredient	S	3743	1970-01-01	2099-12-31		3743	ENG	12250471	12250471	3743	RXNORM	IN	3743	econazole	N	4096.0
520	19045045	19045045	ergocalciferol	Drug	RxNorm	Ingredient	S	4018	1970-01-01	2099-12-31		4018	ENG	12252112	12252112	4018	RXNORM	IN	4018	ergocalciferol	N	4096.0
521	19054936	19054936	floxacillin	Drug	RxNorm	Ingredient	S	4448	1970-01-01	2099-12-31		4448	ENG	12254446	12254446	4448	RXNORM	IN	4448	floxacillin	N	
522	19055982	19055982	flupenthixol	Drug	RxNorm	Ingredient	S	4495	1970-01-01	2099-12-31		4495	ENG	12250478	12250478	4495	RXNORM	IN	4495	flupenthixol	N	
523	19111620	19111620	folic acid	Drug	RxNorm	Ingredient	S	4511	1970-01-01	2099-12-31		4511	ENG	12253303	12253303	4511	RXNORM	IN	4511	folic acid	N	4096.0
524	19056694	19056694	framycetin	Drug	RxNorm	Ingredient	S	4556	1970-01-01	2099-12-31		4556	ENG	12253889	12253889	4556	RXNORM	IN	4556	framycetin	N	
525	1558242	1558242	gemfibrozil	Drug	RxNorm	Ingredient	S	4719	1970-01-01	2099-12-31		4719	ENG	12252132	12252132	4719	RXNORM	IN	4719	gemfibrozil	N	4096.0
526	963742	963742	gramicidin	Drug	RxNorm	Ingredient	S	5011	1970-01-01	2099-12-31		5011	ENG	12251012	12251012	5011	RXNORM	IN	5011	gramicidin	N	4096.0
527	766529	766529	haloperidol	Drug	RxNorm	Ingredient	S	5093	1970-01-01	2099-12-31		5093	ENG	12253895	12253895	5093	RXNORM	IN	5093	haloperidol	N	4096.0
528	1377023	1377023	hydroxocobalamin	Drug	RxNorm	Ingredient	S	5514	1970-01-01	2099-12-31		5514	ENG	12253898	12253898	5514	RXNORM	IN	5514	hydroxocobalamin	N	4096.0
529	1777087	1777087	hydroxychloroquine	Drug	RxNorm	Ingredient	S	5521	1970-01-01	2099-12-31		5521	ENG	12252144	12252144	5521	RXNORM	IN	5521	hydroxychloroquine	N	4096.0
530	19078156	19078156	idoxuridine	Drug	RxNorm	Ingredient	S	5653	1970-01-01	2099-12-31		5653	ENG	12251588	12251588	5653	RXNORM	IN	5653	idoxuridine	N	4096.0
531	19084696	19084696	juniper tar	Drug	RxNorm	Ingredient	S	6086	1970-01-01	2099-12-31		6086	ENG	193545	193545	6086	RXNORM	IN	6086	juniper tar	N	4096.0
532	19091830	19091830	lofepramine	Drug	RxNorm	Ingredient	S	6465	1970-01-01	2099-12-31		6465	ENG	12251595	12251595	6465	RXNORM	IN	6465	lofepramine	N	
533	993631	993631	magnesium oxide	Drug	RxNorm	Ingredient	S	6582	1970-01-01	2099-12-31		6582	ENG	12253320	12253320	6582	RXNORM	IN	6582	magnesium oxide	N	4096.0
534	1305058	1305058	methotrexate	Drug	RxNorm	Ingredient	S	6851	1970-01-01	2099-12-31		6851	ENG	12251041	12251041	6851	RXNORM	IN	6851	methotrexate	N	4096.0
535	1305447	1305447	methyldopa	Drug	RxNorm	Ingredient	S	6876	1970-01-01	2099-12-31		6876	ENG	12253918	12253918	6876	RXNORM	IN	6876	methyldopa	N	4096.0
536	19009896	19009896	molybdenum	Drug	RxNorm	Ingredient	S	7024	1970-01-01	2099-12-31		7024	ENG	12254483	12254483	7024	RXNORM	IN	7024	molybdenum	N	4096.0
537	1110410	1110410	morphine	Drug	RxNorm	Ingredient	S	7052	1970-01-01	2099-12-31		7052	ENG	12253334	12253334	7052	RXNORM	IN	7052	morphine	N	4096.0
538	19014035	19014035	nafronyl	Drug	RxNorm	Ingredient	S	7236	1970-01-01	2099-12-31		7236	ENG	12251047	12251047	7236	RXNORM	IN	7236	nafronyl	N	
539	915981	915981	neomycin	Drug	RxNorm	Ingredient	S	7299	1970-01-01	2099-12-31		7299	ENG	12250504	12250504	7299	RXNORM	IN	7299	neomycin	N	4096.0
540	1318137	1318137	nicardipine	Drug	RxNorm	Ingredient	S	7396	1970-01-01	2099-12-31		7396	ENG	12253924	12253924	7396	RXNORM	IN	7396	nicardipine	N	4096.0
541	1721543	1721543	norfloxacin	Drug	RxNorm	Ingredient	S	7517	1970-01-01	2099-12-31		7517	ENG	12251614	12251614	7517	RXNORM	IN	7517	norfloxacin	N	4096.0
542	922570	922570	nystatin	Drug	RxNorm	Ingredient	S	7597	1970-01-01	2099-12-31		7597	ENG	12252766	12252766	7597	RXNORM	IN	7597	nystatin	N	4096.0
543	1123995	1123995	metaproterenol	Drug	RxNorm	Ingredient	S	7688	1970-01-01	2099-12-31		7688	ENG	2976396	2976396	7688	RXNORM	IN	7688	metaproterenol	N	4096.0
544	724816	724816	oxazepam	Drug	RxNorm	Ingredient	S	7781	1970-01-01	2099-12-31		7781	ENG	12253929	12253929	7781	RXNORM	IN	7781	oxazepam	N	4096.0
545	1124957	1124957	oxycodone	Drug	RxNorm	Ingredient	S	7804	1970-01-01	2099-12-31		7804	ENG	12252187	12252187	7804	RXNORM	IN	7804	oxycodone	N	4096.0
546	948856	948856	polyvinyl alcohol	Drug	RxNorm	Ingredient	S	8570	1970-01-01	2099-12-31		8570	ENG	12251635	12251635	8570	RXNORM	IN	8570	polyvinyl alcohol	N	4096.0
547	751347	751347	primidone	Drug	RxNorm	Ingredient	S	8691	1970-01-01	2099-12-31		8691	ENG	12251074	12251074	8691	RXNORM	IN	8691	primidone	N	4096.0
548	1551803	1551803	fenofibrate	Drug	RxNorm	Ingredient	S	8703	1970-01-01	2099-12-31		8703	ENG	12250529	12250529	8703	RXNORM	IN	8703	fenofibrate	N	4096.0
549	19062817	19062817	riboflavin	Drug	RxNorm	Ingredient	S	9346	1970-01-01	2099-12-31		9346	ENG	12251642	12251642	9346	RXNORM	IN	9346	riboflavin	N	4096.0
550	964339	964339	sulfasalazine	Drug	RxNorm	Ingredient	S	9524	1970-01-01	2099-12-31		9524	ENG	12250542	12250542	9524	RXNORM	IN	9524	sulfasalazine	N	4096.0
551	966956	966956	silver sulfadiazine	Drug	RxNorm	Ingredient	S	9793	1970-01-01	2099-12-31		9793	ENG	7234244	7234244	9793	RXNORM	IN	9793	silver sulfadiazine	N	4096.0
552	967823	967823	sodium chloride	Drug	RxNorm	Ingredient	S	9863	1970-01-01	2099-12-31		9863	ENG	12253957	12253957	9863	RXNORM	IN	9863	sodium chloride	N	4096.0
553	836715	836715	temazepam	Drug	RxNorm	Ingredient	S	10355	1970-01-01	2099-12-31		10355	ENG	12254525	12254525	10355	RXNORM	IN	10355	temazepam	N	4096.0
554	1836948	1836948	tetracycline	Drug	RxNorm	Ingredient	S	10395	1970-01-01	2099-12-31		10395	ENG	12250550	12250550	10395	RXNORM	IN	10395	tetracycline	N	4096.0
555	700299	700299	thioridazine	Drug	RxNorm	Ingredient	S	10502	1970-01-01	2099-12-31		10502	ENG	12252810	12252810	10502	RXNORM	IN	10502	thioridazine	N	4096.0
556	19000537	19000537	threonine	Drug	RxNorm	Ingredient	S	10524	1970-01-01	2099-12-31		10524	ENG	12253376	12253376	10524	RXNORM	IN	10524	threonine	N	4096.0
557	1501700	1501700	levothyroxine	Drug	RxNorm	Ingredient	S	10582	1970-01-01	2099-12-31		10582	ENG	8689130	8689130	10582	RXNORM	IN	10582	levothyroxine	N	4096.0
558	902950	902950	tolnaftate	Drug	RxNorm	Ingredient	S	10637	1970-01-01	2099-12-31		10637	ENG	12253972	12253972	10637	RXNORM	IN	10637	tolnaftate	N	4096.0
559	1505346	1505346	liothyronine	Drug	RxNorm	Ingredient	S	10814	1970-01-01	2099-12-31		10814	ENG	8689131	8689131	10814	RXNORM	IN	10814	liothyronine	N	4096.0
560	19009540	19009540	vitamin E	Drug	RxNorm	Ingredient	S	11256	1970-01-01	2099-12-31		11256	ENG	12250564	12250564	11256	RXNORM	IN	11256	vitamin E	N	4096.0
561	19029393	19029393	aceclofenac	Drug	RxNorm	Ingredient	S	16689	1970-01-01	2099-12-31		16689	ENG	380676	380676	16689	RXNORM	IN	16689	aceclofenac	N	
562	929887	929887	lansoprazole	Drug	RxNorm	Ingredient	S	17128	1970-01-01	2099-12-31		17128	ENG	382463	382463	17128	RXNORM	IN	17128	lansoprazole	N	4096.0
563	19033278	19033278	peanut oil	Drug	RxNorm	Ingredient	S	18235	1970-01-01	2099-12-31		18235	ENG	12254547	12254547	18235	RXNORM	IN	18235	peanut oil	N	4096.0
564	19036946	19036946	benzyl benzoate	Drug	RxNorm	Ingredient	S	19044	1970-01-01	2099-12-31		19044	ENG	389934	389934	19044	RXNORM	IN	19044	benzyl benzoate	N	4096.0
565	1338005	1338005	bisoprolol	Drug	RxNorm	Ingredient	S	19484	1970-01-01	2099-12-31		19484	ENG	12253391	12253391	19484	RXNORM	IN	19484	bisoprolol	N	4096.0
566	1140123	1140123	acrivastine	Drug	RxNorm	Ingredient	S	19959	1970-01-01	2099-12-31		19959	ENG	393541	393541	19959	RXNORM	IN	19959	acrivastine	N	
567	19050216	19050216	cilazapril	Drug	RxNorm	Ingredient	S	21102	1970-01-01	2099-12-31		21102	ENG	12253393	12253393	21102	RXNORM	IN	21102	cilazapril	N	
568	1396012	1396012	ferrous gluconate	Drug	RxNorm	Ingredient	S	24942	1970-01-01	2099-12-31		24942	ENG	1861502	1861502	24942	RXNORM	IN	24942	ferrous gluconate	N	4096.0
569	996416	996416	finasteride	Drug	RxNorm	Ingredient	S	25025	1970-01-01	2099-12-31		25025	ENG	12254551	12254551	25025	RXNORM	IN	25025	finasteride	N	4096.0
570	1196514	1196514	flunisolide	Drug	RxNorm	Ingredient	S	25120	1970-01-01	2099-12-31		25120	ENG	416041	416041	25120	RXNORM	IN	25120	flunisolide	N	4096.0
571	19004539	19004539	lacidipine	Drug	RxNorm	Ingredient	S	28382	1970-01-01	2099-12-31		28382	ENG	431749	431749	28382	RXNORM	IN	28382	lacidipine	N	
572	19011021	19011021	moxonidine	Drug	RxNorm	Ingredient	S	30257	1970-01-01	2099-12-31		30257	ENG	439472	439472	30257	RXNORM	IN	30257	moxonidine	N	
573	19011028	19011028	mucopolysaccharide polysulfate	Drug	RxNorm	Ingredient	S	30320	1970-01-01	2099-12-31		30320	ENG	439764	439764	30320	RXNORM	IN	30320	mucopolysaccharide polysulfate	N	
574	918906	918906	oxybutynin	Drug	RxNorm	Ingredient	S	32675	1970-01-01	2099-12-31		32675	ENG	448325	448325	32675	RXNORM	IN	32675	oxybutynin	N	4096.0
575	19023819	19023819	phenothrin	Drug	RxNorm	Ingredient	S	33303	1970-01-01	2099-12-31		33303	ENG	450865	450865	33303	RXNORM	IN	33303	phenothrin	N	
576	929128	929128	propylene glycol	Drug	RxNorm	Ingredient	S	34693	1970-01-01	2099-12-31		34693	ENG	12250573	12250573	34693	RXNORM	IN	34693	propylene glycol	N	4096.0
577	735979	735979	risperidone	Drug	RxNorm	Ingredient	S	35636	1970-01-01	2099-12-31		35636	ENG	12252248	12252248	35636	RXNORM	IN	35636	risperidone	N	4096.0
578	1342439	1342439	trandolapril	Drug	RxNorm	Ingredient	S	38454	1970-01-01	2099-12-31		38454	ENG	471474	471474	38454	RXNORM	IN	38454	trandolapril	N	4096.0
579	943852	943852	xylometazoline	Drug	RxNorm	Ingredient	S	39841	1970-01-01	2099-12-31		39841	ENG	476980	476980	39841	RXNORM	IN	39841	xylometazoline	N	4096.0
580	19044883	19044883	zopiclone	Drug	RxNorm	Ingredient	S	40001	1970-01-01	2099-12-31		40001	ENG	477639	477639	40001	RXNORM	IN	40001	zopiclone	N	
581	1549686	1549686	fluvastatin	Drug	RxNorm	Ingredient	S	41127	1970-01-01	2099-12-31		41127	ENG	486450	486450	41127	RXNORM	IN	41127	fluvastatin	N	4096.0
582	1152631	1152631	cromolyn	Drug	RxNorm	Ingredient	S	42612	1970-01-01	2099-12-31		42612	ENG	12254002	12254002	42612	RXNORM	IN	42612	cromolyn	N	4096.0
583	954688	954688	latanoprost	Drug	RxNorm	Ingredient	S	43611	1970-01-01	2099-12-31		43611	ENG	502896	502896	43611	RXNORM	IN	43611	latanoprost	N	4096.0
584	1558471	1558471	cabergoline	Drug	RxNorm	Ingredient	S	47579	1970-01-01	2099-12-31		47579	ENG	510221	510221	47579	RXNORM	IN	47579	cabergoline	N	4096.0
585	1363053	1363053	doxazosin	Drug	RxNorm	Ingredient	S	49276	1970-01-01	2099-12-31		49276	ENG	12254005	12254005	49276	RXNORM	IN	49276	doxazosin	N	4096.0
586	1367500	1367500	losartan	Drug	RxNorm	Ingredient	S	52175	1970-01-01	2099-12-31		52175	ENG	12254008	12254008	52175	RXNORM	IN	52175	losartan	N	4096.0
587	969444	969444	nonoxynol-9	Drug	RxNorm	Ingredient	S	53750	1970-01-01	2099-12-31		53750	ENG	12252260	12252260	53750	RXNORM	IN	53750	nonoxynol-9	N	4096.0
588	19084693	19084693	reboxetine	Drug	RxNorm	Ingredient	S	60842	1970-01-01	2099-12-31		60842	ENG	558427	558427	60842	RXNORM	IN	60842	reboxetine	N	
589	785788	785788	olanzapine	Drug	RxNorm	Ingredient	S	61381	1970-01-01	2099-12-31		61381	ENG	559933	559933	61381	RXNORM	IN	61381	olanzapine	N	4096.0
590	19086100	19086100	mizolastine	Drug	RxNorm	Ingredient	S	61455	1970-01-01	2099-12-31		61455	ENG	560123	560123	61455	RXNORM	IN	61455	mizolastine	N	
591	988095	988095	ursodeoxycholate	Drug	RxNorm	Ingredient	S	62427	2006-05-14	2099-12-31		62427	ENG	12251126	12251126	62427	RXNORM	IN	62427	ursodeoxycholate	N	4096.0
592	19003999	19003999	mycophenolate mofetil	Drug	RxNorm	Ingredient	S	68149	1970-01-01	2099-12-31		68149	ENG	605300	605300	68149	RXNORM	IN	68149	mycophenolate mofetil	N	4096.0
593	1106776	1106776	tiotropium	Drug	RxNorm	Ingredient	S	69120	1970-01-01	2099-12-31		69120	ENG	607887	607887	69120	RXNORM	IN	69120	tiotropium	N	4096.0
594	1717704	1717704	valacyclovir	Drug	RxNorm	Ingredient	S	73645	1970-01-01	2099-12-31		73645	ENG	631459	631459	73645	RXNORM	IN	73645	valacyclovir	N	4096.0
595	924566	924566	tamsulosin	Drug	RxNorm	Ingredient	S	77492	1970-01-01	2099-12-31		77492	ENG	640327	640327	77492	RXNORM	IN	77492	tamsulosin	N	4096.0
596	1153428	1153428	fexofenadine	Drug	RxNorm	Ingredient	S	87636	1970-01-01	2099-12-31		87636	ENG	685754	685754	87636	RXNORM	IN	87636	fexofenadine	N	4096.0
597	1154161	1154161	montelukast	Drug	RxNorm	Ingredient	S	88249	1970-01-01	2099-12-31		88249	ENG	687115	687115	88249	RXNORM	IN	88249	montelukast	N	4096.0
598	1316262	1316262	sildenafil	Drug	RxNorm	Ingredient	S	136411	1970-01-01	2099-12-31		136411	ENG	932295	932295	136411	RXNORM	IN	136411	sildenafil	N	4096.0
599	734354	734354	pregabalin	Drug	RxNorm	Ingredient	S	187832	2005-07-24	2099-12-31		187832	ENG	2402311	2402311	187832	RXNORM	IN	187832	pregabalin	N	4096.0
600	1736971	1736971	abacavir	Drug	RxNorm	Ingredient	S	190521	1970-01-01	2099-12-31		190521	ENG	1078446	1078446	190521	RXNORM	IN	190521	abacavir	N	4096.0
601	937368	937368	infliximab	Drug	RxNorm	Ingredient	S	191831	1970-01-01	2099-12-31		191831	ENG	1081000	1081000	191831	RXNORM	IN	191831	infliximab	N	4096.0
602	1351557	1351557	candesartan	Drug	RxNorm	Ingredient	S	214354	1970-01-01	2099-12-31		214354	ENG	1172896	1172896	214354	RXNORM	IN	214354	candesartan	N	4096.0
603	19055757	19055757	ethylnicotinate	Drug	RxNorm	Ingredient	S	236122	1970-01-01	2099-12-31		236122	ENG	2750624	2750624	236122	RXNORM	IN	236122	ethylnicotinate	N	
604	19056874	19056874	dexketoprofen	Drug	RxNorm	Ingredient	S	237162	1970-01-01	2099-12-31		237162	ENG	12252312	12252312	237162	RXNORM	IN	237162	dexketoprofen	N	
605	1103006	1103006	desloratadine	Drug	RxNorm	Ingredient	S	275635	1970-01-01	2099-12-31		275635	ENG	1336788	1336788	275635	RXNORM	IN	275635	desloratadine	N	4096.0
606	715939	715939	escitalopram	Drug	RxNorm	Ingredient	S	321988	1970-01-01	2099-12-31		321988	ENG	12252335	12252335	321988	RXNORM	IN	321988	escitalopram	N	4096.0
607	1136422	1136422	levocetirizine	Drug	RxNorm	Ingredient	S	356887	1970-01-01	2099-12-31		356887	ENG	1558049	1558049	356887	RXNORM	IN	356887	levocetirizine	N	4096.0
608	19101454	19101454	lauromacrogols	Drug	RxNorm	Ingredient	S	386055	1970-01-01	2099-12-31		386055	ENG	7692632	7692632	386055	RXNORM	IN	386055	lauromacrogols	N	
609	1592180	1592180	cerivastatin	Drug	RxNorm	Ingredient	S	596723	2017-08-07	2099-12-31		596723	ENG	9182653	9182653	596723	RXNORM	IN	596723	cerivastatin	N	
610	19086939	19086939	gamma-linolenate	Drug	RxNorm	Ingredient	S	618453	2006-05-14	2099-12-31		618453	ENG	12251208	12251208	618453	RXNORM	IN	618453	gamma-linolenate	N	
611	19087063	19087063	eicosapentaenoate	Drug	RxNorm	Ingredient	S	618597	2006-05-14	2099-12-31		618597	ENG	12254088	12254088	618597	RXNORM	IN	618597	eicosapentaenoate	N	4096.0
612	528323	528323	hepatitis B surface antigen vaccine	Drug	RxNorm	Ingredient	S	797752	2008-06-29	2099-12-31		797752	ENG	12251213	12251213	797752	RXNORM	IN	797752	hepatitis B surface antigen vaccine	N	4096.0
613	40238930	40238930	rilpivirine	Drug	RxNorm	Ingredient	S	1102270	2011-06-05	2099-12-31		1102270	ENG	12250670	12250670	1102270	RXNORM	IN	1102270	rilpivirine	N	4096.0
614	42873636	42873636	mirabegron	Drug	RxNorm	Ingredient	S	1300786	2012-08-06	2099-12-31		1300786	ENG	4626268	4626268	1300786	RXNORM	IN	1300786	mirabegron	N	4096.0
615	42899439	42899439	lanolin oil	Drug	RxNorm	Ingredient	S	1309249	2012-10-01	2099-12-31		1309249	ENG	12252996	12252996	1309249	RXNORM	IN	1309249	lanolin oil	N	4096.0
616	45775351	45775351	bicarbonate ion	Drug	RxNorm	Ingredient	S	1546277	2014-12-01	2099-12-31		1546277	ENG	6397387	6397387	1546277	RXNORM	IN	1546277	bicarbonate ion	N	4096.0
